ticker,metric,locked_tag
A,stockholders_equity,StockholdersEquityIncludingPortionAttributableToNoncontrollingInterest
AA,stockholders_equity,StockholdersEquityIncludingPortionAttributableToNoncontrollingInterest
AAPL,stockholders_equity,StockholdersEquity
ABBV,stockholders_equity,StockholdersEquity
ABNB,stockholders_equity,StockholdersEquity
ABT,stockholders_equity,StockholdersEquityIncludingPortionAttributableToNoncontrollingInterest
ACI,stockholders_equity,StockholdersEquity
ACM,stockholders_equity,StockholdersEquityIncludingPortionAttributableToNoncontrollingInterest
ACN,stockholders_equity,StockholdersEquityIncludingPortionAttributableToNoncontrollingInterest
ADBE,stockholders_equity,StockholdersEquity
ADI,stockholders_equity,StockholdersEquity
ADM,stockholders_equity,StockholdersEquityIncludingPortionAttributableToNoncontrollingInterest
ADP,stockholders_equity,StockholdersEquity
ADSK,stockholders_equity,StockholdersEquity
AEE,stockholders_equity,StockholdersEquityIncludingPortionAttributableToNoncontrollingInterest
AEIS,stockholders_equity,StockholdersEquity
AEP,stockholders_equity,StockholdersEquityIncludingPortionAttributableToNoncontrollingInterest
AES,stockholders_equity,StockholdersEquityIncludingPortionAttributableToNoncontrollingInterest
AIT,stockholders_equity,StockholdersEquity
AKAM,stockholders_equity,StockholdersEquity
ALB,stockholders_equity,StockholdersEquityIncludingPortionAttributableToNoncontrollingInterest
ALGN,stockholders_equity,StockholdersEquity
ALLE,stockholders_equity,StockholdersEquityIncludingPortionAttributableToNoncontrollingInterest
ALNY,stockholders_equity,StockholdersEquity
ALSN,stockholders_equity,StockholdersEquity
AM,stockholders_equity,StockholdersEquity
AMAT,stockholders_equity,StockholdersEquity
AMCR,stockholders_equity,StockholdersEquityIncludingPortionAttributableToNoncontrollingInterest
AMD,stockholders_equity,StockholdersEquity
AME,stockholders_equity,StockholdersEquity
AMGN,stockholders_equity,StockholdersEquity
AMKR,stockholders_equity,StockholdersEquityIncludingPortionAttributableToNoncontrollingInterest
AMZN,stockholders_equity,StockholdersEquity
ANET,stockholders_equity,StockholdersEquity
AOS,stockholders_equity,StockholdersEquity
APA,stockholders_equity,StockholdersEquityIncludingPortionAttributableToNoncontrollingInterest
APD,stockholders_equity,StockholdersEquityIncludingPortionAttributableToNoncontrollingInterest
APG,stockholders_equity,StockholdersEquity
APH,stockholders_equity,StockholdersEquityIncludingPortionAttributableToNoncontrollingInterest
APP,stockholders_equity,StockholdersEquity
APTV,stockholders_equity,StockholdersEquityIncludingPortionAttributableToNoncontrollingInterest
AR,stockholders_equity,StockholdersEquityIncludingPortionAttributableToNoncontrollingInterest
ARMK,stockholders_equity,StockholdersEquityIncludingPortionAttributableToNoncontrollingInterest
ASTS,stockholders_equity,StockholdersEquityIncludingPortionAttributableToNoncontrollingInterest
ATI,stockholders_equity,StockholdersEquityIncludingPortionAttributableToNoncontrollingInterest
ATO,stockholders_equity,StockholdersEquity
AVAV,stockholders_equity,StockholdersEquityIncludingPortionAttributableToNoncontrollingInterest
AVGO,stockholders_equity,StockholdersEquityIncludingPortionAttributableToNoncontrollingInterest
AVY,stockholders_equity,StockholdersEquity
AWK,stockholders_equity,StockholdersEquity
AXON,stockholders_equity,StockholdersEquity
AZO,stockholders_equity,StockholdersEquity
BA,stockholders_equity,StockholdersEquityIncludingPortionAttributableToNoncontrollingInterest
BAH,stockholders_equity,StockholdersEquity
BALL,stockholders_equity,StockholdersEquityIncludingPortionAttributableToNoncontrollingInterest
BBIO,stockholders_equity,StockholdersEquityIncludingPortionAttributableToNoncontrollingInterest
BBY,stockholders_equity,StockholdersEquityIncludingPortionAttributableToNoncontrollingInterest
BDX,stockholders_equity,StockholdersEquity
BE,stockholders_equity,StockholdersEquityIncludingPortionAttributableToNoncontrollingInterest
BF-A,stockholders_equity,StockholdersEquity
BIIB,stockholders_equity,StockholdersEquityIncludingPortionAttributableToNoncontrollingInterest
BJ,stockholders_equity,StockholdersEquity
BKNG,stockholders_equity,StockholdersEquity
BKR,stockholders_equity,StockholdersEquityIncludingPortionAttributableToNoncontrollingInterest
BLD,stockholders_equity,StockholdersEquity
BLDR,stockholders_equity,StockholdersEquity
BMRN,stockholders_equity,StockholdersEquity
BMY,stockholders_equity,StockholdersEquityIncludingPortionAttributableToNoncontrollingInterest
BR,stockholders_equity,StockholdersEquity
BSX,stockholders_equity,StockholdersEquityIncludingPortionAttributableToNoncontrollingInterest
BSY,stockholders_equity,StockholdersEquityIncludingPortionAttributableToNoncontrollingInterest
BURL,stockholders_equity,StockholdersEquity
BWA,stockholders_equity,StockholdersEquityIncludingPortionAttributableToNoncontrollingInterest
BWXT,stockholders_equity,StockholdersEquityIncludingPortionAttributableToNoncontrollingInterest
CACI,stockholders_equity,StockholdersEquityIncludingPortionAttributableToNoncontrollingInterest
CAH,stockholders_equity,StockholdersEquityIncludingPortionAttributableToNoncontrollingInterest
CARR,stockholders_equity,StockholdersEquityIncludingPortionAttributableToNoncontrollingInterest
CASY,stockholders_equity,StockholdersEquity
CAT,stockholders_equity,StockholdersEquityIncludingPortionAttributableToNoncontrollingInterest
CCK,stockholders_equity,StockholdersEquityIncludingPortionAttributableToNoncontrollingInterest
CCL,stockholders_equity,StockholdersEquity
CDE,stockholders_equity,StockholdersEquity
CDNS,stockholders_equity,StockholdersEquity
CDW,stockholders_equity,StockholdersEquity
CF,stockholders_equity,StockholdersEquityIncludingPortionAttributableToNoncontrollingInterest
CHD,stockholders_equity,StockholdersEquityIncludingPortionAttributableToNoncontrollingInterest
CHRW,stockholders_equity,StockholdersEquity
CHTR,stockholders_equity,StockholdersEquityIncludingPortionAttributableToNoncontrollingInterest
CHWY,stockholders_equity,StockholdersEquity
CIEN,stockholders_equity,StockholdersEquityIncludingPortionAttributableToNoncontrollingInterest
CL,stockholders_equity,StockholdersEquityIncludingPortionAttributableToNoncontrollingInterest
CLH,stockholders_equity,StockholdersEquityIncludingPortionAttributableToNoncontrollingInterest
CLX,stockholders_equity,StockholdersEquityIncludingPortionAttributableToNoncontrollingInterest
CMCSA,stockholders_equity,StockholdersEquityIncludingPortionAttributableToNoncontrollingInterest
CMG,stockholders_equity,StockholdersEquity
CMI,stockholders_equity,StockholdersEquityIncludingPortionAttributableToNoncontrollingInterest
CMS,stockholders_equity,StockholdersEquityIncludingPortionAttributableToNoncontrollingInterest
CNM,stockholders_equity,StockholdersEquityIncludingPortionAttributableToNoncontrollingInterest
CNP,stockholders_equity,StockholdersEquity
COHR,stockholders_equity,StockholdersEquityIncludingPortionAttributableToNoncontrollingInterest
COKE,stockholders_equity,StockholdersEquityIncludingPortionAttributableToNoncontrollingInterest
COO,stockholders_equity,StockholdersEquityIncludingPortionAttributableToNoncontrollingInterest
COP,stockholders_equity,StockholdersEquityIncludingPortionAttributableToNoncontrollingInterest
COR,stockholders_equity,StockholdersEquity
COST,stockholders_equity,StockholdersEquityIncludingPortionAttributableToNoncontrollingInterest
CPAY,stockholders_equity,StockholdersEquity
CPNG,stockholders_equity,StockholdersEquity
CPRT,stockholders_equity,StockholdersEquityIncludingPortionAttributableToNoncontrollingInterest
CRM,stockholders_equity,StockholdersEquity
CRS,stockholders_equity,StockholdersEquityIncludingPortionAttributableToNoncontrollingInterest
CRWD,stockholders_equity,StockholdersEquityIncludingPortionAttributableToNoncontrollingInterest
CSCO,stockholders_equity,StockholdersEquityIncludingPortionAttributableToNoncontrollingInterest
CSGP,stockholders_equity,StockholdersEquity
CSL,stockholders_equity,StockholdersEquity
CSX,stockholders_equity,StockholdersEquityIncludingPortionAttributableToNoncontrollingInterest
CTAS,stockholders_equity,StockholdersEquity
CTRA,stockholders_equity,StockholdersEquity
CTSH,stockholders_equity,StockholdersEquity
CTVA,stockholders_equity,StockholdersEquityIncludingPortionAttributableToNoncontrollingInterest
CVNA,stockholders_equity,StockholdersEquityIncludingPortionAttributableToNoncontrollingInterest
CVS,stockholders_equity,StockholdersEquityIncludingPortionAttributableToNoncontrollingInterest
CVX,stockholders_equity,StockholdersEquityIncludingPortionAttributableToNoncontrollingInterest
CW,stockholders_equity,StockholdersEquity
D,stockholders_equity,StockholdersEquityIncludingPortionAttributableToNoncontrollingInterest
DAL,stockholders_equity,StockholdersEquity
DAR,stockholders_equity,StockholdersEquityIncludingPortionAttributableToNoncontrollingInterest
DASH,stockholders_equity,StockholdersEquity
DCI,stockholders_equity,StockholdersEquity
DD,stockholders_equity,StockholdersEquityIncludingPortionAttributableToNoncontrollingInterest
DDOG,stockholders_equity,StockholdersEquity
DE,stockholders_equity,StockholdersEquityIncludingPortionAttributableToNoncontrollingInterest
DECK,stockholders_equity,StockholdersEquity
DELL,stockholders_equity,StockholdersEquityIncludingPortionAttributableToNoncontrollingInterest
DG,stockholders_equity,StockholdersEquity
DGX,stockholders_equity,StockholdersEquityIncludingPortionAttributableToNoncontrollingInterest
DHI,stockholders_equity,StockholdersEquityIncludingPortionAttributableToNoncontrollingInterest
DHR,stockholders_equity,StockholdersEquityIncludingPortionAttributableToNoncontrollingInterest
DIS,stockholders_equity,StockholdersEquityIncludingPortionAttributableToNoncontrollingInterest
DKS,stockholders_equity,StockholdersEquity
DLTR,stockholders_equity,StockholdersEquityIncludingPortionAttributableToNoncontrollingInterest
DOCU,stockholders_equity,StockholdersEquity
DOV,stockholders_equity,StockholdersEquityIncludingPortionAttributableToNoncontrollingInterest
DOW,stockholders_equity,StockholdersEquityIncludingPortionAttributableToNoncontrollingInterest
DPZ,stockholders_equity,StockholdersEquity
DRI,stockholders_equity,StockholdersEquity
DRS,stockholders_equity,StockholdersEquity
DT,stockholders_equity,StockholdersEquity
DTE,stockholders_equity,StockholdersEquityIncludingPortionAttributableToNoncontrollingInterest
DTM,stockholders_equity,StockholdersEquityIncludingPortionAttributableToNoncontrollingInterest
DUK,stockholders_equity,StockholdersEquityIncludingPortionAttributableToNoncontrollingInterest
DVA,stockholders_equity,StockholdersEquityIncludingPortionAttributableToNoncontrollingInterest
DVN,stockholders_equity,StockholdersEquityIncludingPortionAttributableToNoncontrollingInterest
DXCM,stockholders_equity,StockholdersEquityIncludingPortionAttributableToNoncontrollingInterest
DY,stockholders_equity,StockholdersEquity
EA,stockholders_equity,StockholdersEquity
EBAY,stockholders_equity,StockholdersEquity
ECL,stockholders_equity,StockholdersEquityIncludingPortionAttributableToNoncontrollingInterest
ED,stockholders_equity,StockholdersEquityIncludingPortionAttributableToNoncontrollingInterest
EFX,stockholders_equity,StockholdersEquityIncludingPortionAttributableToNoncontrollingInterest
EHC,stockholders_equity,StockholdersEquityIncludingPortionAttributableToNoncontrollingInterest
EIX,stockholders_equity,StockholdersEquityIncludingPortionAttributableToNoncontrollingInterest
EL,stockholders_equity,StockholdersEquityIncludingPortionAttributableToNoncontrollingInterest
ELAN,stockholders_equity,StockholdersEquity
EME,stockholders_equity,StockholdersEquityIncludingPortionAttributableToNoncontrollingInterest
EMR,stockholders_equity,StockholdersEquityIncludingPortionAttributableToNoncontrollingInterest
ENSG,stockholders_equity,StockholdersEquityIncludingPortionAttributableToNoncontrollingInterest
ENTG,stockholders_equity,StockholdersEquityIncludingPortionAttributableToNoncontrollingInterest
EOG,stockholders_equity,StockholdersEquityIncludingPortionAttributableToNoncontrollingInterest
EQT,stockholders_equity,StockholdersEquityIncludingPortionAttributableToNoncontrollingInterest
ES,stockholders_equity,StockholdersEquity
ET,stockholders_equity,StockholdersEquityIncludingPortionAttributableToNoncontrollingInterest
ETN,stockholders_equity,StockholdersEquityIncludingPortionAttributableToNoncontrollingInterest
ETR,stockholders_equity,StockholdersEquityIncludingPortionAttributableToNoncontrollingInterest
EVRG,stockholders_equity,StockholdersEquityIncludingPortionAttributableToNoncontrollingInterest
EW,stockholders_equity,StockholdersEquity
EXC,stockholders_equity,StockholdersEquityIncludingPortionAttributableToNoncontrollingInterest
EXE,stockholders_equity,StockholdersEquityIncludingPortionAttributableToNoncontrollingInterest
EXEL,stockholders_equity,StockholdersEquityIncludingPortionAttributableToNoncontrollingInterest
EXPD,stockholders_equity,StockholdersEquityIncludingPortionAttributableToNoncontrollingInterest
EXPE,stockholders_equity,StockholdersEquityIncludingPortionAttributableToNoncontrollingInterest
F,stockholders_equity,StockholdersEquityIncludingPortionAttributableToNoncontrollingInterest
FANG,stockholders_equity,StockholdersEquityIncludingPortionAttributableToNoncontrollingInterest
FAST,stockholders_equity,StockholdersEquity
FCX,stockholders_equity,StockholdersEquityIncludingPortionAttributableToNoncontrollingInterest
FDX,stockholders_equity,StockholdersEquity
FE,stockholders_equity,StockholdersEquityIncludingPortionAttributableToNoncontrollingInterest
FFIV,stockholders_equity,StockholdersEquityIncludingPortionAttributableToNoncontrollingInterest
FICO,stockholders_equity,StockholdersEquity
FIS,stockholders_equity,StockholdersEquityIncludingPortionAttributableToNoncontrollingInterest
FISV,stockholders_equity,StockholdersEquity
FIVE,stockholders_equity,StockholdersEquity
FIX,stockholders_equity,StockholdersEquity
FLEX,stockholders_equity,StockholdersEquityIncludingPortionAttributableToNoncontrollingInterest
FLS,stockholders_equity,StockholdersEquityIncludingPortionAttributableToNoncontrollingInterest
FN,stockholders_equity,StockholdersEquity
FOXA,stockholders_equity,StockholdersEquityIncludingPortionAttributableToNoncontrollingInterest
FSLR,stockholders_equity,StockholdersEquity
FTAI,stockholders_equity,StockholdersEquityIncludingPortionAttributableToNoncontrollingInterest
FTI,stockholders_equity,StockholdersEquityIncludingPortionAttributableToNoncontrollingInterest
FTNT,stockholders_equity,StockholdersEquity
FTV,stockholders_equity,StockholdersEquityIncludingPortionAttributableToNoncontrollingInterest
FWONA,stockholders_equity,StockholdersEquityIncludingPortionAttributableToNoncontrollingInterest
GAP,stockholders_equity,StockholdersEquity
GD,stockholders_equity,StockholdersEquity
GDDY,stockholders_equity,StockholdersEquityIncludingPortionAttributableToNoncontrollingInterest
GE,stockholders_equity,StockholdersEquityIncludingPortionAttributableToNoncontrollingInterest
GEN,stockholders_equity,StockholdersEquity
GGG,stockholders_equity,StockholdersEquityIncludingPortionAttributableToNoncontrollingInterest
GH,stockholders_equity,StockholdersEquity
GILD,stockholders_equity,StockholdersEquityIncludingPortionAttributableToNoncontrollingInterest
GIS,stockholders_equity,StockholdersEquityIncludingPortionAttributableToNoncontrollingInterest
GLW,stockholders_equity,StockholdersEquityIncludingPortionAttributableToNoncontrollingInterest
GM,stockholders_equity,StockholdersEquityIncludingPortionAttributableToNoncontrollingInterest
GME,stockholders_equity,StockholdersEquityIncludingPortionAttributableToNoncontrollingInterest
GMED,stockholders_equity,StockholdersEquity
GNRC,stockholders_equity,StockholdersEquityIncludingPortionAttributableToNoncontrollingInterest
GOOGL,stockholders_equity,StockholdersEquity
GPC,stockholders_equity,StockholdersEquityIncludingPortionAttributableToNoncontrollingInterest
GPN,stockholders_equity,StockholdersEquityIncludingPortionAttributableToNoncontrollingInterest
GRMN,stockholders_equity,StockholdersEquity
GTLS,stockholders_equity,StockholdersEquityIncludingPortionAttributableToNoncontrollingInterest
GWRE,stockholders_equity,StockholdersEquity
GWW,stockholders_equity,StockholdersEquityIncludingPortionAttributableToNoncontrollingInterest
H,stockholders_equity,StockholdersEquityIncludingPortionAttributableToNoncontrollingInterest
HAL,stockholders_equity,StockholdersEquityIncludingPortionAttributableToNoncontrollingInterest
HAS,stockholders_equity,StockholdersEquity
HCA,stockholders_equity,StockholdersEquityIncludingPortionAttributableToNoncontrollingInterest
HD,stockholders_equity,StockholdersEquity
HEI,stockholders_equity,StockholdersEquityIncludingPortionAttributableToNoncontrollingInterest
HII,stockholders_equity,StockholdersEquityIncludingPortionAttributableToNoncontrollingInterest
HL,stockholders_equity,StockholdersEquity
HLT,stockholders_equity,StockholdersEquityIncludingPortionAttributableToNoncontrollingInterest
HOLX,stockholders_equity,StockholdersEquity
HON,stockholders_equity,StockholdersEquityIncludingPortionAttributableToNoncontrollingInterest
HPE,stockholders_equity,StockholdersEquityIncludingPortionAttributableToNoncontrollingInterest
HPQ,stockholders_equity,StockholdersEquityIncludingPortionAttributableToNoncontrollingInterest
HRL,stockholders_equity,StockholdersEquityIncludingPortionAttributableToNoncontrollingInterest
HSY,stockholders_equity,StockholdersEquityIncludingPortionAttributableToNoncontrollingInterest
HUBB,stockholders_equity,StockholdersEquityIncludingPortionAttributableToNoncontrollingInterest
HUBS,stockholders_equity,StockholdersEquity
HWM,stockholders_equity,StockholdersEquityIncludingPortionAttributableToNoncontrollingInterest
IBM,stockholders_equity,StockholdersEquityIncludingPortionAttributableToNoncontrollingInterest
IDXX,stockholders_equity,StockholdersEquityIncludingPortionAttributableToNoncontrollingInterest
IESC,stockholders_equity,StockholdersEquityIncludingPortionAttributableToNoncontrollingInterest
IEX,stockholders_equity,StockholdersEquity
IFF,stockholders_equity,StockholdersEquityIncludingPortionAttributableToNoncontrollingInterest
ILMN,stockholders_equity,StockholdersEquityIncludingPortionAttributableToNoncontrollingInterest
INCY,stockholders_equity,StockholdersEquity
INSM,stockholders_equity,StockholdersEquity
INTC,stockholders_equity,StockholdersEquity
INTU,stockholders_equity,StockholdersEquity
IONQ,stockholders_equity,StockholdersEquity
IONS,stockholders_equity,StockholdersEquityIncludingPortionAttributableToNoncontrollingInterest
IP,stockholders_equity,StockholdersEquityIncludingPortionAttributableToNoncontrollingInterest
IQV,stockholders_equity,StockholdersEquityIncludingPortionAttributableToNoncontrollingInterest
IR,stockholders_equity,StockholdersEquityIncludingPortionAttributableToNoncontrollingInterest
ISRG,stockholders_equity,StockholdersEquityIncludingPortionAttributableToNoncontrollingInterest
IT,stockholders_equity,StockholdersEquity
ITT,stockholders_equity,StockholdersEquityIncludingPortionAttributableToNoncontrollingInterest
ITW,stockholders_equity,StockholdersEquityIncludingPortionAttributableToNoncontrollingInterest
J,stockholders_equity,StockholdersEquityIncludingPortionAttributableToNoncontrollingInterest
JAZZ,stockholders_equity,StockholdersEquity
JBHT,stockholders_equity,StockholdersEquity
JBL,stockholders_equity,StockholdersEquityIncludingPortionAttributableToNoncontrollingInterest
JCI,stockholders_equity,StockholdersEquityIncludingPortionAttributableToNoncontrollingInterest
JKHY,stockholders_equity,StockholdersEquity
JNJ,stockholders_equity,StockholdersEquityIncludingPortionAttributableToNoncontrollingInterest
KDP,stockholders_equity,StockholdersEquity
KEYS,stockholders_equity,StockholdersEquityIncludingPortionAttributableToNoncontrollingInterest
KHC,stockholders_equity,StockholdersEquityIncludingPortionAttributableToNoncontrollingInterest
KLAC,stockholders_equity,StockholdersEquity
KMB,stockholders_equity,StockholdersEquityIncludingPortionAttributableToNoncontrollingInterest
KMI,stockholders_equity,StockholdersEquityIncludingPortionAttributableToNoncontrollingInterest
KNX,stockholders_equity,StockholdersEquityIncludingPortionAttributableToNoncontrollingInterest
KO,stockholders_equity,StockholdersEquityIncludingPortionAttributableToNoncontrollingInterest
KR,stockholders_equity,StockholdersEquityIncludingPortionAttributableToNoncontrollingInterest
KTOS,stockholders_equity,StockholdersEquityIncludingPortionAttributableToNoncontrollingInterest
LDOS,stockholders_equity,StockholdersEquityIncludingPortionAttributableToNoncontrollingInterest
LECO,stockholders_equity,StockholdersEquityIncludingPortionAttributableToNoncontrollingInterest
LEN,stockholders_equity,StockholdersEquityIncludingPortionAttributableToNoncontrollingInterest
LH,stockholders_equity,StockholdersEquity
LHX,stockholders_equity,StockholdersEquityIncludingPortionAttributableToNoncontrollingInterest
LII,stockholders_equity,StockholdersEquity
LIN,stockholders_equity,StockholdersEquityIncludingPortionAttributableToNoncontrollingInterest
LITE,stockholders_equity,StockholdersEquity
LLY,stockholders_equity,StockholdersEquityIncludingPortionAttributableToNoncontrollingInterest
LMT,stockholders_equity,StockholdersEquity
LNG,stockholders_equity,StockholdersEquityIncludingPortionAttributableToNoncontrollingInterest
LNT,stockholders_equity,StockholdersEquityIncludingPortionAttributableToNoncontrollingInterest
LOGI,stockholders_equity,StockholdersEquity
LOW,stockholders_equity,StockholdersEquityIncludingPortionAttributableToNoncontrollingInterest
LRCX,stockholders_equity,StockholdersEquity
LSCC,stockholders_equity,StockholdersEquity
LULU,stockholders_equity,StockholdersEquity
LUV,stockholders_equity,StockholdersEquity
LVS,stockholders_equity,StockholdersEquityIncludingPortionAttributableToNoncontrollingInterest
LYB,stockholders_equity,StockholdersEquityIncludingPortionAttributableToNoncontrollingInterest
LYV,stockholders_equity,StockholdersEquityIncludingPortionAttributableToNoncontrollingInterest
MA,stockholders_equity,StockholdersEquityIncludingPortionAttributableToNoncontrollingInterest
MAR,stockholders_equity,StockholdersEquity
MAS,stockholders_equity,StockholdersEquityIncludingPortionAttributableToNoncontrollingInterest
MASI,stockholders_equity,StockholdersEquityIncludingPortionAttributableToNoncontrollingInterest
MCD,stockholders_equity,StockholdersEquity
MCHP,stockholders_equity,StockholdersEquity
MCK,stockholders_equity,StockholdersEquityIncludingPortionAttributableToNoncontrollingInterest
MCO,stockholders_equity,StockholdersEquityIncludingPortionAttributableToNoncontrollingInterest
MDB,stockholders_equity,StockholdersEquity
MDGL,stockholders_equity,StockholdersEquity
MDLZ,stockholders_equity,StockholdersEquityIncludingPortionAttributableToNoncontrollingInterest
MDT,stockholders_equity,StockholdersEquityIncludingPortionAttributableToNoncontrollingInterest
MEDP,stockholders_equity,StockholdersEquity
MELI,stockholders_equity,StockholdersEquity
META,stockholders_equity,StockholdersEquity
MGM,stockholders_equity,StockholdersEquityIncludingPortionAttributableToNoncontrollingInterest
MKC,stockholders_equity,StockholdersEquityIncludingPortionAttributableToNoncontrollingInterest
MKSI,stockholders_equity,StockholdersEquity
MLI,stockholders_equity,StockholdersEquityIncludingPortionAttributableToNoncontrollingInterest
MLM,stockholders_equity,StockholdersEquityIncludingPortionAttributableToNoncontrollingInterest
MMM,stockholders_equity,StockholdersEquityIncludingPortionAttributableToNoncontrollingInterest
MNST,stockholders_equity,StockholdersEquity
MO,stockholders_equity,StockholdersEquityIncludingPortionAttributableToNoncontrollingInterest
MOD,stockholders_equity,StockholdersEquityIncludingPortionAttributableToNoncontrollingInterest
MOG-A,stockholders_equity,StockholdersEquity
MP,stockholders_equity,StockholdersEquity
MPC,stockholders_equity,StockholdersEquityIncludingPortionAttributableToNoncontrollingInterest
MPLX,stockholders_equity,StockholdersEquity
MPWR,stockholders_equity,StockholdersEquity
MRK,stockholders_equity,StockholdersEquityIncludingPortionAttributableToNoncontrollingInterest
MRNA,stockholders_equity,StockholdersEquity
MRVL,stockholders_equity,StockholdersEquity
MSCI,stockholders_equity,StockholdersEquity
MSFT,stockholders_equity,StockholdersEquity
MSI,stockholders_equity,StockholdersEquityIncludingPortionAttributableToNoncontrollingInterest
MTD,stockholders_equity,StockholdersEquity
MTSI,stockholders_equity,StockholdersEquity
MTZ,stockholders_equity,StockholdersEquityIncludingPortionAttributableToNoncontrollingInterest
MU,stockholders_equity,StockholdersEquityIncludingPortionAttributableToNoncontrollingInterest
MUSA,stockholders_equity,StockholdersEquity
NBIX,stockholders_equity,StockholdersEquity
NDSN,stockholders_equity,StockholdersEquityIncludingPortionAttributableToNoncontrollingInterest
NEE,stockholders_equity,StockholdersEquityIncludingPortionAttributableToNoncontrollingInterest
NEM,stockholders_equity,StockholdersEquityIncludingPortionAttributableToNoncontrollingInterest
NET,stockholders_equity,StockholdersEquity
NFG,stockholders_equity,StockholdersEquityIncludingPortionAttributableToNoncontrollingInterest
NFLX,stockholders_equity,StockholdersEquity
NI,stockholders_equity,StockholdersEquity
NKE,stockholders_equity,StockholdersEquity
NOC,stockholders_equity,StockholdersEquity
NOW,stockholders_equity,StockholdersEquity
NRG,stockholders_equity,StockholdersEquityIncludingPortionAttributableToNoncontrollingInterest
NSC,stockholders_equity,StockholdersEquityIncludingPortionAttributableToNoncontrollingInterest
NTAP,stockholders_equity,StockholdersEquity
NTNX,stockholders_equity,StockholdersEquity
NTRA,stockholders_equity,StockholdersEquity
NUE,stockholders_equity,StockholdersEquityIncludingPortionAttributableToNoncontrollingInterest
NVDA,stockholders_equity,StockholdersEquity
NVR,stockholders_equity,StockholdersEquity
NVT,stockholders_equity,StockholdersEquityIncludingPortionAttributableToNoncontrollingInterest
NWSA,stockholders_equity,StockholdersEquityIncludingPortionAttributableToNoncontrollingInterest
NXPI,stockholders_equity,StockholdersEquityIncludingPortionAttributableToNoncontrollingInterest
NYT,stockholders_equity,StockholdersEquityIncludingPortionAttributableToNoncontrollingInterest
ODFL,stockholders_equity,StockholdersEquity
OGE,stockholders_equity,StockholdersEquityIncludingPortionAttributableToNoncontrollingInterest
OKE,stockholders_equity,StockholdersEquityIncludingPortionAttributableToNoncontrollingInterest
OKTA,stockholders_equity,StockholdersEquity
OMC,stockholders_equity,StockholdersEquityIncludingPortionAttributableToNoncontrollingInterest
ON,stockholders_equity,StockholdersEquityIncludingPortionAttributableToNoncontrollingInterest
ONC,stockholders_equity,StockholdersEquityIncludingPortionAttributableToNoncontrollingInterest
ONTO,stockholders_equity,StockholdersEquity
ORCL,stockholders_equity,StockholdersEquityIncludingPortionAttributableToNoncontrollingInterest
ORLY,stockholders_equity,StockholdersEquity
OTIS,stockholders_equity,StockholdersEquityIncludingPortionAttributableToNoncontrollingInterest
OVV,stockholders_equity,StockholdersEquity
PAG,stockholders_equity,StockholdersEquityIncludingPortionAttributableToNoncontrollingInterest
PANW,stockholders_equity,StockholdersEquityIncludingPortionAttributableToNoncontrollingInterest
PAYX,stockholders_equity,StockholdersEquity
PCAR,stockholders_equity,StockholdersEquity
PCG,stockholders_equity,StockholdersEquityIncludingPortionAttributableToNoncontrollingInterest
PEG,stockholders_equity,StockholdersEquityIncludingPortionAttributableToNoncontrollingInterest
PEN,stockholders_equity,StockholdersEquity
PEP,stockholders_equity,StockholdersEquityIncludingPortionAttributableToNoncontrollingInterest
PFE,stockholders_equity,StockholdersEquityIncludingPortionAttributableToNoncontrollingInterest
PFGC,stockholders_equity,StockholdersEquity
PG,stockholders_equity,StockholdersEquityIncludingPortionAttributableToNoncontrollingInterest
PH,stockholders_equity,StockholdersEquityIncludingPortionAttributableToNoncontrollingInterest
PHM,stockholders_equity,StockholdersEquity
PINS,stockholders_equity,StockholdersEquity
PKG,stockholders_equity,StockholdersEquityIncludingPortionAttributableToNoncontrollingInterest
PL,stockholders_equity,StockholdersEquity
PLTR,stockholders_equity,StockholdersEquityIncludingPortionAttributableToNoncontrollingInterest
PM,stockholders_equity,StockholdersEquityIncludingPortionAttributableToNoncontrollingInterest
PNR,stockholders_equity,StockholdersEquityIncludingPortionAttributableToNoncontrollingInterest
PNW,stockholders_equity,StockholdersEquityIncludingPortionAttributableToNoncontrollingInterest
PODD,stockholders_equity,StockholdersEquity
PPG,stockholders_equity,StockholdersEquityIncludingPortionAttributableToNoncontrollingInterest
PPL,stockholders_equity,StockholdersEquityIncludingPortionAttributableToNoncontrollingInterest
PR,stockholders_equity,StockholdersEquityIncludingPortionAttributableToNoncontrollingInterest
PSTG,stockholders_equity,StockholdersEquity
PSX,stockholders_equity,StockholdersEquityIncludingPortionAttributableToNoncontrollingInterest
PTC,stockholders_equity,StockholdersEquity
PWR,stockholders_equity,StockholdersEquityIncludingPortionAttributableToNoncontrollingInterest
PYPL,stockholders_equity,StockholdersEquity
QCOM,stockholders_equity,StockholdersEquityIncludingPortionAttributableToNoncontrollingInterest
QSR,stockholders_equity,StockholdersEquityIncludingPortionAttributableToNoncontrollingInterest
QXO,stockholders_equity,StockholdersEquityIncludingPortionAttributableToNoncontrollingInterest
RBA,stockholders_equity,StockholdersEquityIncludingPortionAttributableToNoncontrollingInterest
RBC,stockholders_equity,StockholdersEquity
RBLX,stockholders_equity,StockholdersEquityIncludingPortionAttributableToNoncontrollingInterest
RCL,stockholders_equity,StockholdersEquity
REGN,stockholders_equity,StockholdersEquity
RIVN,stockholders_equity,StockholdersEquity
RKLB,stockholders_equity,StockholdersEquity
RL,stockholders_equity,StockholdersEquity
RMBS,stockholders_equity,StockholdersEquity
RMD,stockholders_equity,StockholdersEquity
ROK,stockholders_equity,StockholdersEquity
ROKU,stockholders_equity,StockholdersEquity
ROL,stockholders_equity,StockholdersEquity
ROP,stockholders_equity,StockholdersEquity
ROST,stockholders_equity,StockholdersEquity
RPM,stockholders_equity,StockholdersEquityIncludingPortionAttributableToNoncontrollingInterest
RPRX,stockholders_equity,StockholdersEquityIncludingPortionAttributableToNoncontrollingInterest
RRC,stockholders_equity,StockholdersEquity
RRX,stockholders_equity,StockholdersEquityIncludingPortionAttributableToNoncontrollingInterest
RS,stockholders_equity,StockholdersEquityIncludingPortionAttributableToNoncontrollingInterest
RSG,stockholders_equity,StockholdersEquityIncludingPortionAttributableToNoncontrollingInterest
RTX,stockholders_equity,StockholdersEquityIncludingPortionAttributableToNoncontrollingInterest
RVMD,stockholders_equity,StockholdersEquity
RVTY,stockholders_equity,StockholdersEquity
SAIA,stockholders_equity,StockholdersEquity
SATS,stockholders_equity,StockholdersEquityIncludingPortionAttributableToNoncontrollingInterest
SBUX,stockholders_equity,StockholdersEquityIncludingPortionAttributableToNoncontrollingInterest
SCCO,stockholders_equity,StockholdersEquityIncludingPortionAttributableToNoncontrollingInterest
SCI,stockholders_equity,StockholdersEquityIncludingPortionAttributableToNoncontrollingInterest
SFD,stockholders_equity,StockholdersEquityIncludingPortionAttributableToNoncontrollingInterest
SGI,stockholders_equity,StockholdersEquityIncludingPortionAttributableToNoncontrollingInterest
SHW,stockholders_equity,StockholdersEquityIncludingPortionAttributableToNoncontrollingInterest
SJM,stockholders_equity,StockholdersEquity
SLB,stockholders_equity,StockholdersEquityIncludingPortionAttributableToNoncontrollingInterest
SMCI,stockholders_equity,StockholdersEquityIncludingPortionAttributableToNoncontrollingInterest
SMMT,stockholders_equity,StockholdersEquity
SNA,stockholders_equity,StockholdersEquityIncludingPortionAttributableToNoncontrollingInterest
SNOW,stockholders_equity,StockholdersEquityIncludingPortionAttributableToNoncontrollingInterest
SNPS,stockholders_equity,StockholdersEquityIncludingPortionAttributableToNoncontrollingInterest
SNX,stockholders_equity,StockholdersEquityIncludingPortionAttributableToNoncontrollingInterest
SO,stockholders_equity,StockholdersEquityIncludingPortionAttributableToNoncontrollingInterest
SPGI,stockholders_equity,StockholdersEquityIncludingPortionAttributableToNoncontrollingInterest
SPXC,stockholders_equity,StockholdersEquityIncludingPortionAttributableToNoncontrollingInterest
SRE,stockholders_equity,StockholdersEquityIncludingPortionAttributableToNoncontrollingInterest
SSNC,stockholders_equity,StockholdersEquity
STE,stockholders_equity,StockholdersEquityIncludingPortionAttributableToNoncontrollingInterest
STLD,stockholders_equity,StockholdersEquityIncludingPortionAttributableToNoncontrollingInterest
STRL,stockholders_equity,StockholdersEquityIncludingPortionAttributableToNoncontrollingInterest
STX,stockholders_equity,StockholdersEquity
STZ,stockholders_equity,StockholdersEquityIncludingPortionAttributableToNoncontrollingInterest
SWK,stockholders_equity,StockholdersEquityIncludingPortionAttributableToNoncontrollingInterest
SYK,stockholders_equity,StockholdersEquityIncludingPortionAttributableToNoncontrollingInterest
SYM,stockholders_equity,StockholdersEquityIncludingPortionAttributableToNoncontrollingInterest
SYY,stockholders_equity,StockholdersEquity
T,stockholders_equity,StockholdersEquityIncludingPortionAttributableToNoncontrollingInterest
TDG,stockholders_equity,StockholdersEquity
TDY,stockholders_equity,StockholdersEquity
TEL,stockholders_equity,StockholdersEquityIncludingPortionAttributableToNoncontrollingInterest
TER,stockholders_equity,StockholdersEquity
TEVA,stockholders_equity,StockholdersEquityIncludingPortionAttributableToNoncontrollingInterest
TGT,stockholders_equity,StockholdersEquity
THC,stockholders_equity,StockholdersEquityIncludingPortionAttributableToNoncontrollingInterest
TJX,stockholders_equity,StockholdersEquity
TMO,stockholders_equity,StockholdersEquity
TMUS,stockholders_equity,StockholdersEquity
TOL,stockholders_equity,StockholdersEquityIncludingPortionAttributableToNoncontrollingInterest
TOST,stockholders_equity,StockholdersEquity
TPR,stockholders_equity,StockholdersEquity
TRGP,stockholders_equity,StockholdersEquityIncludingPortionAttributableToNoncontrollingInterest
TRMB,stockholders_equity,StockholdersEquityIncludingPortionAttributableToNoncontrollingInterest
TRU,stockholders_equity,StockholdersEquityIncludingPortionAttributableToNoncontrollingInterest
TSCO,stockholders_equity,StockholdersEquity
TSLA,stockholders_equity,StockholdersEquityIncludingPortionAttributableToNoncontrollingInterest
TSN,stockholders_equity,StockholdersEquityIncludingPortionAttributableToNoncontrollingInterest
TT,stockholders_equity,StockholdersEquityIncludingPortionAttributableToNoncontrollingInterest
TTC,stockholders_equity,StockholdersEquity
TTD,stockholders_equity,StockholdersEquity
TTMI,stockholders_equity,StockholdersEquityIncludingPortionAttributableToNoncontrollingInterest
TTWO,stockholders_equity,StockholdersEquityIncludingPortionAttributableToNoncontrollingInterest
TWLO,stockholders_equity,StockholdersEquity
TXN,stockholders_equity,StockholdersEquity
TXRH,stockholders_equity,StockholdersEquityIncludingPortionAttributableToNoncontrollingInterest
TXT,stockholders_equity,StockholdersEquity
TYL,stockholders_equity,StockholdersEquity
UAL,stockholders_equity,StockholdersEquity
UBER,stockholders_equity,StockholdersEquityIncludingPortionAttributableToNoncontrollingInterest
UHS,stockholders_equity,StockholdersEquityIncludingPortionAttributableToNoncontrollingInterest
UI,stockholders_equity,StockholdersEquity
ULTA,stockholders_equity,StockholdersEquity
UNP,stockholders_equity,StockholdersEquityIncludingPortionAttributableToNoncontrollingInterest
UPS,stockholders_equity,StockholdersEquityIncludingPortionAttributableToNoncontrollingInterest
URI,stockholders_equity,StockholdersEquity
USFD,stockholders_equity,StockholdersEquity
UTHR,stockholders_equity,StockholdersEquity
V,stockholders_equity,StockholdersEquityIncludingPortionAttributableToNoncontrollingInterest
VEEV,stockholders_equity,StockholdersEquity
VLO,stockholders_equity,StockholdersEquityIncludingPortionAttributableToNoncontrollingInterest
VMC,stockholders_equity,StockholdersEquityIncludingPortionAttributableToNoncontrollingInterest
VRSK,stockholders_equity,StockholdersEquity
VRSN,stockholders_equity,StockholdersEquity
VRT,stockholders_equity,StockholdersEquity
VRTX,stockholders_equity,StockholdersEquityIncludingPortionAttributableToNoncontrollingInterest
VST,stockholders_equity,StockholdersEquityIncludingPortionAttributableToNoncontrollingInterest
VTRS,stockholders_equity,StockholdersEquityIncludingPortionAttributableToNoncontrollingInterest
VZ,stockholders_equity,StockholdersEquityIncludingPortionAttributableToNoncontrollingInterest
W,stockholders_equity,StockholdersEquity
WAB,stockholders_equity,StockholdersEquityIncludingPortionAttributableToNoncontrollingInterest
WAT,stockholders_equity,StockholdersEquity
WBD,stockholders_equity,StockholdersEquityIncludingPortionAttributableToNoncontrollingInterest
WCC,stockholders_equity,StockholdersEquityIncludingPortionAttributableToNoncontrollingInterest
WCN,stockholders_equity,StockholdersEquityIncludingPortionAttributableToNoncontrollingInterest
WDAY,stockholders_equity,StockholdersEquity
WDC,stockholders_equity,StockholdersEquity
WEC,stockholders_equity,StockholdersEquity
WLK,stockholders_equity,StockholdersEquityIncludingPortionAttributableToNoncontrollingInterest
WM,stockholders_equity,StockholdersEquityIncludingPortionAttributableToNoncontrollingInterest
WMB,stockholders_equity,StockholdersEquityIncludingPortionAttributableToNoncontrollingInterest
WMG,stockholders_equity,StockholdersEquityIncludingPortionAttributableToNoncontrollingInterest
WMS,stockholders_equity,StockholdersEquityIncludingPortionAttributableToNoncontrollingInterest
WMT,stockholders_equity,StockholdersEquityIncludingPortionAttributableToNoncontrollingInterest
WSM,stockholders_equity,StockholdersEquity
WSO,stockholders_equity,StockholdersEquityIncludingPortionAttributableToNoncontrollingInterest
WST,stockholders_equity,StockholdersEquityIncludingPortionAttributableToNoncontrollingInterest
WTRG,stockholders_equity,StockholdersEquityIncludingPortionAttributableToNoncontrollingInterest
WTS,stockholders_equity,StockholdersEquity
WWD,stockholders_equity,StockholdersEquity
WYNN,stockholders_equity,StockholdersEquityIncludingPortionAttributableToNoncontrollingInterest
XEL,stockholders_equity,StockholdersEquityIncludingPortionAttributableToNoncontrollingInterest
XOM,stockholders_equity,StockholdersEquityIncludingPortionAttributableToNoncontrollingInterest
XPO,stockholders_equity,StockholdersEquity
XYL,stockholders_equity,StockholdersEquityIncludingPortionAttributableToNoncontrollingInterest
XYZ,stockholders_equity,StockholdersEquity
YUM,stockholders_equity,StockholdersEquityIncludingPortionAttributableToNoncontrollingInterest
YUMC,stockholders_equity,StockholdersEquityIncludingPortionAttributableToNoncontrollingInterest
ZBH,stockholders_equity,StockholdersEquityIncludingPortionAttributableToNoncontrollingInterest
ZBRA,stockholders_equity,StockholdersEquity
ZG,stockholders_equity,StockholdersEquity
ZM,stockholders_equity,StockholdersEquity
ZS,stockholders_equity,StockholdersEquity
ZTS,stockholders_equity,StockholdersEquityIncludingPortionAttributableToNoncontrollingInterest
A,net_income,ProfitLoss
AA,net_income,NetIncomeLoss
AAPL,net_income,NetIncomeLoss
ABBV,net_income,NetIncomeLoss
ABNB,net_income,NetIncomeLoss
ABT,net_income,NetIncomeLoss
ACI,net_income,NetIncomeLoss
ACM,net_income,NetIncomeLoss
ACN,net_income,NetIncomeLoss
ADBE,net_income,NetIncomeLoss
ADI,net_income,NetIncomeLoss
ADM,net_income,NetIncomeLoss
ADP,net_income,NetIncomeLoss
ADSK,net_income,NetIncomeLoss
AEE,net_income,NetIncomeLoss
AEIS,net_income,NetIncomeLoss
AEP,net_income,ProfitLoss
AES,net_income,NetIncomeLoss
AIT,net_income,NetIncomeLoss
AKAM,net_income,NetIncomeLoss
ALB,net_income,NetIncomeLoss
ALGN,net_income,NetIncomeLoss
ALLE,net_income,NetIncomeLoss
ALNY,net_income,NetIncomeLoss
ALSN,net_income,NetIncomeLoss
AM,net_income,ProfitLoss
AMAT,net_income,NetIncomeLoss
AMCR,net_income,NetIncomeLoss
AMD,net_income,NetIncomeLoss
AME,net_income,NetIncomeLoss
AMGN,net_income,NetIncomeLoss
AMKR,net_income,NetIncomeLoss
AMZN,net_income,NetIncomeLoss
ANET,net_income,NetIncomeLoss
AOS,net_income,NetIncomeLoss
APA,net_income,ProfitLoss
APD,net_income,NetIncomeLoss
APG,net_income,NetIncomeLoss
APH,net_income,NetIncomeLoss
APP,net_income,NetIncomeLoss
APTV,net_income,NetIncomeLoss
AR,net_income,ProfitLoss
ARMK,net_income,NetIncomeLoss
ASTS,net_income,NetIncomeLoss
ATI,net_income,NetIncomeLoss
ATO,net_income,NetIncomeLoss
AVAV,net_income,ProfitLoss
AVGO,net_income,ProfitLoss
AVY,net_income,NetIncomeLoss
AWK,net_income,NetIncomeLoss
AXON,net_income,NetIncomeLoss
AZO,net_income,NetIncomeLoss
BA,net_income,NetIncomeLoss
BAH,net_income,NetIncomeLoss
BALL,net_income,ProfitLoss
BBIO,net_income,ProfitLoss
BBY,net_income,NetIncomeLoss
BDX,net_income,NetIncomeLoss
BE,net_income,NetIncomeLoss
BF-A,net_income,NetIncomeLoss
BIIB,net_income,NetIncomeLoss
BJ,net_income,NetIncomeLoss
BKNG,net_income,ProfitLoss
BKR,net_income,NetIncomeLoss
BLD,net_income,NetIncomeLoss
BLDR,net_income,NetIncomeLoss
BMRN,net_income,NetIncomeLoss
BMY,net_income,NetIncomeLoss
BR,net_income,ProfitLoss
BSX,net_income,ProfitLoss
BSY,net_income,NetIncomeLoss
BURL,net_income,NetIncomeLoss
BWA,net_income,NetIncomeLoss
BWXT,net_income,NetIncomeLoss
CACI,net_income,NetIncomeLoss
CAH,net_income,NetIncomeLoss
CARR,net_income,ProfitLoss
CASY,net_income,NetIncomeLoss
CAT,net_income,ProfitLoss
CCK,net_income,NetIncomeLoss
CCL,net_income,NetIncomeLoss
CDE,net_income,NetIncomeLoss
CDNS,net_income,NetIncomeLoss
CDW,net_income,NetIncomeLoss
CF,net_income,ProfitLoss
CHD,net_income,NetIncomeLoss
CHRW,net_income,NetIncomeLoss
CHTR,net_income,NetIncomeLoss
CHWY,net_income,NetIncomeLoss
CIEN,net_income,NetIncomeLoss
CL,net_income,NetIncomeLoss
CLH,net_income,NetIncomeLoss
CLX,net_income,NetIncomeLoss
CMCSA,net_income,NetIncomeLoss
CMG,net_income,NetIncomeLoss
CMI,net_income,ProfitLoss
CMS,net_income,NetIncomeLoss
CNM,net_income,NetIncomeLoss
CNP,net_income,NetIncomeLoss
COHR,net_income,NetIncomeLoss
COKE,net_income,NetIncomeLoss
COO,net_income,NetIncomeLoss
COP,net_income,NetIncomeLoss
COR,net_income,NetIncomeLoss
COST,net_income,NetIncomeLoss
CPAY,net_income,NetIncomeLoss
CPNG,net_income,NetIncomeLoss
CPRT,net_income,NetIncomeLoss
CQP,net_income,NetIncomeLoss
CRM,net_income,NetIncomeLoss
CRS,net_income,NetIncomeLoss
CRWD,net_income,NetIncomeLoss
CSCO,net_income,NetIncomeLoss
CSGP,net_income,NetIncomeLoss
CSL,net_income,NetIncomeLoss
CSX,net_income,NetIncomeLoss
CTAS,net_income,NetIncomeLoss
CTRA,net_income,NetIncomeLoss
CTSH,net_income,NetIncomeLoss
CTVA,net_income,NetIncomeLoss
CVNA,net_income,NetIncomeLoss
CVS,net_income,NetIncomeLoss
CVX,net_income,NetIncomeLoss
CW,net_income,NetIncomeLoss
D,net_income,NetIncomeLoss
DAL,net_income,NetIncomeLoss
DAR,net_income,NetIncomeLoss
DASH,net_income,NetIncomeLoss
DCI,net_income,NetIncomeLoss
DD,net_income,NetIncomeLoss
DDOG,net_income,NetIncomeLoss
DE,net_income,NetIncomeLoss
DECK,net_income,NetIncomeLoss
DELL,net_income,NetIncomeLoss
DG,net_income,NetIncomeLoss
DGX,net_income,NetIncomeLoss
DHI,net_income,NetIncomeLoss
DHR,net_income,NetIncomeLoss
DIS,net_income,NetIncomeLoss
DKS,net_income,NetIncomeLoss
DLTR,net_income,NetIncomeLoss
DOCU,net_income,NetIncomeLoss
DOV,net_income,NetIncomeLoss
DOW,net_income,ProfitLoss
DPZ,net_income,NetIncomeLoss
DRI,net_income,NetIncomeLoss
DRS,net_income,NetIncomeLoss
DT,net_income,NetIncomeLoss
DTE,net_income,NetIncomeLoss
DTM,net_income,NetIncomeLoss
DUK,net_income,NetIncomeLoss
DVA,net_income,NetIncomeLoss
DVN,net_income,NetIncomeLoss
DXCM,net_income,NetIncomeLoss
DY,net_income,NetIncomeLoss
EA,net_income,NetIncomeLoss
EBAY,net_income,NetIncomeLoss
ECL,net_income,ProfitLoss
ED,net_income,NetIncomeLoss
EFX,net_income,NetIncomeLoss
EHC,net_income,NetIncomeLoss
EIX,net_income,NetIncomeLoss
EL,net_income,NetIncomeLoss
ELAN,net_income,NetIncomeLoss
EME,net_income,NetIncomeLoss
EMR,net_income,NetIncomeLoss
ENSG,net_income,NetIncomeLoss
ENTG,net_income,NetIncomeLoss
EOG,net_income,NetIncomeLoss
EPD,net_income,NetIncomeLoss
EQT,net_income,NetIncomeLoss
ES,net_income,NetIncomeLoss
ET,net_income,NetIncomeLoss
ETN,net_income,NetIncomeLoss
ETR,net_income,NetIncomeLoss
EVRG,net_income,NetIncomeLoss
EW,net_income,NetIncomeLoss
EXC,net_income,ProfitLoss
EXE,net_income,NetIncomeLoss
EXEL,net_income,NetIncomeLoss
EXPD,net_income,NetIncomeLoss
EXPE,net_income,NetIncomeLoss
F,net_income,NetIncomeLoss
FANG,net_income,NetIncomeLoss
FAST,net_income,NetIncomeLoss
FCX,net_income,ProfitLoss
FDX,net_income,NetIncomeLoss
FE,net_income,NetIncomeLoss
FFIV,net_income,NetIncomeLoss
FICO,net_income,NetIncomeLoss
FIS,net_income,NetIncomeLoss
FISV,net_income,NetIncomeLoss
FIVE,net_income,NetIncomeLoss
FIX,net_income,NetIncomeLoss
FLEX,net_income,NetIncomeLoss
FLS,net_income,NetIncomeLoss
FN,net_income,NetIncomeLoss
FOXA,net_income,ProfitLoss
FSLR,net_income,NetIncomeLoss
FTAI,net_income,NetIncomeLoss
FTI,net_income,NetIncomeLoss
FTNT,net_income,NetIncomeLoss
FTV,net_income,ProfitLoss
FWONA,net_income,NetIncomeLoss
GAP,net_income,NetIncomeLoss
GD,net_income,NetIncomeLoss
GDDY,net_income,NetIncomeLoss
GE,net_income,NetIncomeLoss
GEN,net_income,NetIncomeLoss
GGG,net_income,NetIncomeLoss
GH,net_income,NetIncomeLoss
GILD,net_income,NetIncomeLoss
GIS,net_income,NetIncomeLoss
GLW,net_income,NetIncomeLoss
GM,net_income,NetIncomeLoss
GME,net_income,NetIncomeLoss
GMED,net_income,NetIncomeLoss
GNRC,net_income,NetIncomeLoss
GOOGL,net_income,NetIncomeLoss
GPC,net_income,NetIncomeLoss
GPN,net_income,NetIncomeLoss
GRMN,net_income,NetIncomeLoss
GTLS,net_income,NetIncomeLoss
GWRE,net_income,ProfitLoss
GWW,net_income,NetIncomeLoss
H,net_income,NetIncomeLoss
HAL,net_income,NetIncomeLoss
HAS,net_income,NetIncomeLoss
HCA,net_income,NetIncomeLoss
HD,net_income,NetIncomeLoss
HEI,net_income,NetIncomeLoss
HII,net_income,NetIncomeLoss
HL,net_income,NetIncomeLoss
HLT,net_income,NetIncomeLoss
HOLX,net_income,NetIncomeLoss
HON,net_income,NetIncomeLoss
HPE,net_income,NetIncomeLoss
HPQ,net_income,NetIncomeLoss
HRL,net_income,NetIncomeLoss
HSY,net_income,NetIncomeLoss
HUBB,net_income,NetIncomeLoss
HUBS,net_income,NetIncomeLoss
HWM,net_income,NetIncomeLoss
IBM,net_income,NetIncomeLoss
IDXX,net_income,NetIncomeLoss
IESC,net_income,NetIncomeLoss
IEX,net_income,NetIncomeLoss
IFF,net_income,NetIncomeLoss
ILMN,net_income,NetIncomeLoss
INCY,net_income,NetIncomeLoss
INSM,net_income,NetIncomeLoss
INTC,net_income,NetIncomeLoss
INTU,net_income,NetIncomeLoss
IONQ,net_income,NetIncomeLoss
IONS,net_income,NetIncomeLoss
IP,net_income,NetIncomeLoss
IQV,net_income,NetIncomeLoss
IR,net_income,NetIncomeLoss
ISRG,net_income,NetIncomeLoss
IT,net_income,NetIncomeLoss
ITT,net_income,NetIncomeLoss
ITW,net_income,ProfitLoss
J,net_income,NetIncomeLoss
JAZZ,net_income,NetIncomeLoss
JBHT,net_income,NetIncomeLoss
JBL,net_income,NetIncomeLoss
JCI,net_income,NetIncomeLoss
JKHY,net_income,NetIncomeLoss
JNJ,net_income,NetIncomeLoss
KDP,net_income,NetIncomeLoss
KEYS,net_income,ProfitLoss
KHC,net_income,NetIncomeLoss
KLAC,net_income,NetIncomeLoss
KMB,net_income,NetIncomeLoss
KMI,net_income,NetIncomeLoss
KNX,net_income,NetIncomeLoss
KO,net_income,NetIncomeLoss
KR,net_income,NetIncomeLoss
KTOS,net_income,NetIncomeLoss
LDOS,net_income,NetIncomeLoss
LECO,net_income,ProfitLoss
LEN,net_income,NetIncomeLoss
LH,net_income,NetIncomeLoss
LHX,net_income,NetIncomeLoss
LII,net_income,NetIncomeLoss
LIN,net_income,NetIncomeLoss
LITE,net_income,NetIncomeLoss
LLY,net_income,NetIncomeLoss
LMT,net_income,NetIncomeLoss
LNG,net_income,NetIncomeLoss
LNT,net_income,NetIncomeLoss
LOGI,net_income,NetIncomeLoss
LOW,net_income,NetIncomeLoss
LRCX,net_income,NetIncomeLoss
LSCC,net_income,NetIncomeLoss
LULU,net_income,NetIncomeLoss
LUV,net_income,NetIncomeLoss
LVS,net_income,NetIncomeLoss
LYB,net_income,NetIncomeLoss
LYV,net_income,NetIncomeLoss
MA,net_income,ProfitLoss
MAR,net_income,NetIncomeLoss
MAS,net_income,NetIncomeLoss
MASI,net_income,NetIncomeLoss
MCD,net_income,NetIncomeLoss
MCHP,net_income,NetIncomeLoss
MCK,net_income,NetIncomeLoss
MCO,net_income,NetIncomeLoss
MDB,net_income,NetIncomeLoss
MDGL,net_income,NetIncomeLoss
MDLZ,net_income,NetIncomeLoss
MDT,net_income,NetIncomeLoss
MEDP,net_income,NetIncomeLoss
MELI,net_income,NetIncomeLoss
META,net_income,NetIncomeLoss
MGM,net_income,NetIncomeLoss
MKC,net_income,NetIncomeLoss
MKSI,net_income,NetIncomeLoss
MLI,net_income,NetIncomeLoss
MLM,net_income,NetIncomeLoss
MMM,net_income,NetIncomeLoss
MNST,net_income,ProfitLoss
MO,net_income,NetIncomeLoss
MOD,net_income,NetIncomeLoss
MOG-A,net_income,NetIncomeLoss
MP,net_income,NetIncomeLoss
MPC,net_income,NetIncomeLoss
MPLX,net_income,NetIncomeLoss
MPWR,net_income,NetIncomeLoss
MRK,net_income,NetIncomeLoss
MRNA,net_income,NetIncomeLoss
MRVL,net_income,NetIncomeLoss
MSCI,net_income,NetIncomeLoss
MSFT,net_income,NetIncomeLoss
MSI,net_income,NetIncomeLoss
MTD,net_income,NetIncomeLoss
MTSI,net_income,NetIncomeLoss
MTZ,net_income,NetIncomeLoss
MU,net_income,NetIncomeLoss
MUSA,net_income,NetIncomeLoss
NBIX,net_income,NetIncomeLoss
NDSN,net_income,NetIncomeLoss
NEE,net_income,NetIncomeLoss
NEM,net_income,NetIncomeLoss
NET,net_income,NetIncomeLoss
NFG,net_income,NetIncomeLoss
NFLX,net_income,NetIncomeLoss
NI,net_income,NetIncomeLoss
NKE,net_income,NetIncomeLoss
NOC,net_income,NetIncomeLoss
NOW,net_income,NetIncomeLoss
NRG,net_income,NetIncomeLoss
NSC,net_income,ProfitLoss
NTAP,net_income,NetIncomeLoss
NTNX,net_income,NetIncomeLoss
NTRA,net_income,NetIncomeLoss
NUE,net_income,NetIncomeLoss
NVDA,net_income,NetIncomeLoss
NVR,net_income,NetIncomeLoss
NVT,net_income,NetIncomeLoss
NWSA,net_income,NetIncomeLoss
NXPI,net_income,NetIncomeLoss
NYT,net_income,NetIncomeLoss
ODFL,net_income,NetIncomeLoss
OGE,net_income,NetIncomeLoss
OKE,net_income,NetIncomeLoss
OKTA,net_income,NetIncomeLoss
OMC,net_income,NetIncomeLoss
ON,net_income,NetIncomeLoss
ONC,net_income,NetIncomeLoss
ONTO,net_income,NetIncomeLoss
ORCL,net_income,NetIncomeLoss
ORLY,net_income,NetIncomeLoss
OTIS,net_income,NetIncomeLoss
OVV,net_income,NetIncomeLoss
PAA,net_income,NetIncomeLoss
PAG,net_income,NetIncomeLoss
PANW,net_income,NetIncomeLoss
PAYX,net_income,NetIncomeLoss
PCAR,net_income,NetIncomeLoss
PCG,net_income,ProfitLoss
PEG,net_income,NetIncomeLoss
PEN,net_income,NetIncomeLoss
PEP,net_income,NetIncomeLoss
PFE,net_income,NetIncomeLoss
PFGC,net_income,NetIncomeLoss
PG,net_income,NetIncomeLoss
PH,net_income,NetIncomeLoss
PHM,net_income,NetIncomeLoss
PINS,net_income,NetIncomeLoss
PKG,net_income,NetIncomeLoss
PL,net_income,NetIncomeLoss
PLTR,net_income,NetIncomeLoss
PM,net_income,NetIncomeLoss
PNR,net_income,NetIncomeLoss
PNW,net_income,ProfitLoss
PODD,net_income,NetIncomeLoss
PPG,net_income,NetIncomeLoss
PPL,net_income,NetIncomeLoss
PR,net_income,NetIncomeLoss
PSTG,net_income,NetIncomeLoss
PSX,net_income,NetIncomeLoss
PTC,net_income,NetIncomeLoss
PWR,net_income,ProfitLoss
PYPL,net_income,NetIncomeLoss
QCOM,net_income,NetIncomeLoss
QSR,net_income,ProfitLoss
QXO,net_income,NetIncomeLoss
RBA,net_income,NetIncomeLoss
RBC,net_income,NetIncomeLoss
RBLX,net_income,NetIncomeLoss
RCL,net_income,NetIncomeLoss
REGN,net_income,NetIncomeLoss
RIVN,net_income,NetIncomeLoss
RKLB,net_income,NetIncomeLoss
RL,net_income,NetIncomeLoss
RMBS,net_income,NetIncomeLoss
RMD,net_income,NetIncomeLoss
ROK,net_income,NetIncomeLoss
ROKU,net_income,NetIncomeLoss
ROL,net_income,NetIncomeLoss
ROP,net_income,NetIncomeLoss
ROST,net_income,NetIncomeLoss
RPM,net_income,NetIncomeLoss
RPRX,net_income,NetIncomeLoss
RRC,net_income,NetIncomeLoss
RRX,net_income,NetIncomeLoss
RS,net_income,ProfitLoss
RSG,net_income,NetIncomeLoss
RTX,net_income,NetIncomeLoss
RVMD,net_income,NetIncomeLoss
RVTY,net_income,NetIncomeLoss
SAIA,net_income,NetIncomeLoss
SATS,net_income,NetIncomeLoss
SBUX,net_income,NetIncomeLoss
SCCO,net_income,ProfitLoss
SCI,net_income,NetIncomeLoss
SFD,net_income,NetIncomeLoss
SGI,net_income,NetIncomeLoss
SHW,net_income,NetIncomeLoss
SJM,net_income,NetIncomeLoss
SLB,net_income,NetIncomeLoss
SMCI,net_income,NetIncomeLoss
SMMT,net_income,NetIncomeLoss
SNA,net_income,NetIncomeLoss
SNOW,net_income,NetIncomeLoss
SNPS,net_income,NetIncomeLoss
SNX,net_income,NetIncomeLoss
SO,net_income,ProfitLoss
SPGI,net_income,NetIncomeLoss
SPXC,net_income,NetIncomeLoss
SRE,net_income,NetIncomeLoss
SSNC,net_income,NetIncomeLoss
STE,net_income,NetIncomeLoss
STLD,net_income,ProfitLoss
STRL,net_income,NetIncomeLoss
STX,net_income,NetIncomeLoss
STZ,net_income,NetIncomeLoss
SUN,net_income,NetIncomeLoss
SWK,net_income,NetIncomeLoss
SYK,net_income,NetIncomeLoss
SYM,net_income,NetIncomeLoss
SYY,net_income,NetIncomeLoss
T,net_income,NetIncomeLoss
TDG,net_income,NetIncomeLoss
TDY,net_income,NetIncomeLoss
TEL,net_income,NetIncomeLoss
TER,net_income,NetIncomeLoss
TEVA,net_income,NetIncomeLoss
TGT,net_income,IncomeLossFromContinuingOperations
THC,net_income,ProfitLoss
TJX,net_income,NetIncomeLoss
TMO,net_income,NetIncomeLoss
TMUS,net_income,NetIncomeLoss
TOL,net_income,NetIncomeLoss
TOST,net_income,NetIncomeLoss
TPR,net_income,NetIncomeLoss
TRGP,net_income,NetIncomeLoss
TRMB,net_income,NetIncomeLoss
TRU,net_income,NetIncomeLoss
TSCO,net_income,NetIncomeLoss
TSLA,net_income,NetIncomeLoss
TSN,net_income,NetIncomeLoss
TT,net_income,NetIncomeLoss
TTC,net_income,NetIncomeLoss
TTD,net_income,NetIncomeLoss
TTMI,net_income,NetIncomeLoss
TTWO,net_income,NetIncomeLoss
TWLO,net_income,NetIncomeLoss
TXN,net_income,NetIncomeLoss
TXRH,net_income,ProfitLoss
TXT,net_income,NetIncomeLoss
TYL,net_income,NetIncomeLoss
UAL,net_income,NetIncomeLoss
UBER,net_income,NetIncomeLoss
UHS,net_income,NetIncomeLoss
UI,net_income,NetIncomeLoss
ULTA,net_income,NetIncomeLoss
UNP,net_income,NetIncomeLoss
UPS,net_income,NetIncomeLoss
URI,net_income,NetIncomeLoss
USFD,net_income,NetIncomeLoss
UTHR,net_income,ProfitLoss
V,net_income,NetIncomeLoss
VEEV,net_income,NetIncomeLoss
VLO,net_income,NetIncomeLoss
VMC,net_income,NetIncomeLoss
VRSK,net_income,NetIncomeLoss
VRSN,net_income,ProfitLoss
VRT,net_income,NetIncomeLoss
VRTX,net_income,NetIncomeLoss
VST,net_income,NetIncomeLoss
VTRS,net_income,ProfitLoss
VZ,net_income,NetIncomeLoss
W,net_income,NetIncomeLoss
WAB,net_income,NetIncomeLoss
WAT,net_income,ProfitLoss
WBD,net_income,NetIncomeLoss
WCC,net_income,NetIncomeLoss
WCN,net_income,NetIncomeLoss
WDAY,net_income,NetIncomeLoss
WDC,net_income,NetIncomeLoss
WEC,net_income,NetIncomeLoss
WES,net_income,NetIncomeLoss
WLK,net_income,NetIncomeLoss
WM,net_income,NetIncomeLoss
WMB,net_income,NetIncomeLoss
WMG,net_income,NetIncomeLoss
WMS,net_income,NetIncomeLoss
WMT,net_income,NetIncomeLoss
WSM,net_income,NetIncomeLoss
WSO,net_income,NetIncomeLoss
WST,net_income,ProfitLoss
WTRG,net_income,NetIncomeLoss
WTS,net_income,NetIncomeLoss
WWD,net_income,NetIncomeLoss
WYNN,net_income,NetIncomeLoss
XEL,net_income,NetIncomeLoss
XOM,net_income,NetIncomeLoss
XPO,net_income,NetIncomeLoss
XYL,net_income,NetIncomeLoss
XYZ,net_income,NetIncomeLoss
YUM,net_income,NetIncomeLoss
YUMC,net_income,NetIncomeLoss
ZBH,net_income,NetIncomeLoss
ZBRA,net_income,NetIncomeLoss
ZG,net_income,NetIncomeLoss
ZM,net_income,NetIncomeLoss
ZS,net_income,NetIncomeLoss
ZTS,net_income,NetIncomeLoss
A,operating_cash_flow,NetCashProvidedByUsedInOperatingActivities
AA,operating_cash_flow,NetCashProvidedByUsedInOperatingActivities
AAPL,operating_cash_flow,NetCashProvidedByUsedInOperatingActivities
ABBV,operating_cash_flow,NetCashProvidedByUsedInOperatingActivities
ABNB,operating_cash_flow,NetCashProvidedByUsedInOperatingActivities
ABT,operating_cash_flow,NetCashProvidedByUsedInOperatingActivities
ACI,operating_cash_flow,NetCashProvidedByUsedInOperatingActivities
ACM,operating_cash_flow,NetCashProvidedByUsedInOperatingActivities
ACN,operating_cash_flow,NetCashProvidedByUsedInOperatingActivities
ADBE,operating_cash_flow,NetCashProvidedByUsedInOperatingActivities
ADI,operating_cash_flow,NetCashProvidedByUsedInOperatingActivities
ADM,operating_cash_flow,NetCashProvidedByUsedInOperatingActivities
ADP,operating_cash_flow,NetCashProvidedByUsedInOperatingActivities
ADSK,operating_cash_flow,NetCashProvidedByUsedInOperatingActivities
AEE,operating_cash_flow,NetCashProvidedByUsedInOperatingActivities
AEIS,operating_cash_flow,NetCashProvidedByUsedInOperatingActivities
AEP,operating_cash_flow,NetCashProvidedByUsedInOperatingActivities
AES,operating_cash_flow,NetCashProvidedByUsedInOperatingActivities
AIT,operating_cash_flow,NetCashProvidedByUsedInOperatingActivities
AKAM,operating_cash_flow,NetCashProvidedByUsedInOperatingActivities
ALB,operating_cash_flow,NetCashProvidedByUsedInOperatingActivities
ALGN,operating_cash_flow,NetCashProvidedByUsedInOperatingActivities
ALLE,operating_cash_flow,NetCashProvidedByUsedInOperatingActivities
ALNY,operating_cash_flow,NetCashProvidedByUsedInOperatingActivities
ALSN,operating_cash_flow,NetCashProvidedByUsedInOperatingActivities
AM,operating_cash_flow,NetCashProvidedByUsedInOperatingActivities
AMAT,operating_cash_flow,NetCashProvidedByUsedInOperatingActivities
AMCR,operating_cash_flow,NetCashProvidedByUsedInOperatingActivities
AMD,operating_cash_flow,NetCashProvidedByUsedInOperatingActivities
AME,operating_cash_flow,NetCashProvidedByUsedInOperatingActivities
AMGN,operating_cash_flow,NetCashProvidedByUsedInOperatingActivities
AMKR,operating_cash_flow,NetCashProvidedByUsedInOperatingActivities
AMZN,operating_cash_flow,NetCashProvidedByUsedInOperatingActivities
ANET,operating_cash_flow,NetCashProvidedByUsedInOperatingActivities
AOS,operating_cash_flow,NetCashProvidedByUsedInOperatingActivities
APA,operating_cash_flow,NetCashProvidedByUsedInOperatingActivities
APD,operating_cash_flow,NetCashProvidedByUsedInOperatingActivitiesContinuingOperations
APG,operating_cash_flow,NetCashProvidedByUsedInOperatingActivities
APH,operating_cash_flow,NetCashProvidedByUsedInOperatingActivities
APP,operating_cash_flow,NetCashProvidedByUsedInOperatingActivities
APTV,operating_cash_flow,NetCashProvidedByUsedInOperatingActivities
AR,operating_cash_flow,NetCashProvidedByUsedInOperatingActivities
ARMK,operating_cash_flow,NetCashProvidedByUsedInOperatingActivities
ASTS,operating_cash_flow,NetCashProvidedByUsedInOperatingActivities
ATI,operating_cash_flow,NetCashProvidedByUsedInOperatingActivities
ATO,operating_cash_flow,NetCashProvidedByUsedInOperatingActivities
AVAV,operating_cash_flow,NetCashProvidedByUsedInOperatingActivitiesContinuingOperations
AVGO,operating_cash_flow,NetCashProvidedByUsedInOperatingActivities
AVY,operating_cash_flow,NetCashProvidedByUsedInOperatingActivities
AWK,operating_cash_flow,NetCashProvidedByUsedInOperatingActivities
AXON,operating_cash_flow,NetCashProvidedByUsedInOperatingActivities
AZO,operating_cash_flow,NetCashProvidedByUsedInOperatingActivities
BA,operating_cash_flow,NetCashProvidedByUsedInOperatingActivities
BAH,operating_cash_flow,NetCashProvidedByUsedInOperatingActivities
BALL,operating_cash_flow,NetCashProvidedByUsedInOperatingActivities
BBIO,operating_cash_flow,NetCashProvidedByUsedInOperatingActivities
BBY,operating_cash_flow,NetCashProvidedByUsedInOperatingActivities
BDX,operating_cash_flow,NetCashProvidedByUsedInOperatingActivitiesContinuingOperations
BE,operating_cash_flow,NetCashProvidedByUsedInOperatingActivities
BF-A,operating_cash_flow,NetCashProvidedByUsedInOperatingActivities
BIIB,operating_cash_flow,NetCashProvidedByUsedInOperatingActivities
BJ,operating_cash_flow,NetCashProvidedByUsedInOperatingActivities
BKNG,operating_cash_flow,NetCashProvidedByUsedInOperatingActivities
BKR,operating_cash_flow,NetCashProvidedByUsedInOperatingActivities
BLD,operating_cash_flow,NetCashProvidedByUsedInOperatingActivities
BLDR,operating_cash_flow,NetCashProvidedByUsedInOperatingActivities
BMRN,operating_cash_flow,NetCashProvidedByUsedInOperatingActivities
BMY,operating_cash_flow,NetCashProvidedByUsedInOperatingActivities
BR,operating_cash_flow,NetCashProvidedByUsedInOperatingActivities
BSX,operating_cash_flow,NetCashProvidedByUsedInOperatingActivities
BSY,operating_cash_flow,NetCashProvidedByUsedInOperatingActivities
BURL,operating_cash_flow,NetCashProvidedByUsedInOperatingActivities
BWA,operating_cash_flow,NetCashProvidedByUsedInOperatingActivities
BWXT,operating_cash_flow,NetCashProvidedByUsedInOperatingActivities
CACI,operating_cash_flow,NetCashProvidedByUsedInOperatingActivities
CAH,operating_cash_flow,NetCashProvidedByUsedInOperatingActivities
CARR,operating_cash_flow,NetCashProvidedByUsedInOperatingActivities
CASY,operating_cash_flow,NetCashProvidedByUsedInOperatingActivities
CAT,operating_cash_flow,NetCashProvidedByUsedInOperatingActivities
CCK,operating_cash_flow,NetCashProvidedByUsedInOperatingActivities
CCL,operating_cash_flow,NetCashProvidedByUsedInOperatingActivities
CDE,operating_cash_flow,NetCashProvidedByUsedInOperatingActivities
CDNS,operating_cash_flow,NetCashProvidedByUsedInOperatingActivities
CDW,operating_cash_flow,NetCashProvidedByUsedInOperatingActivities
CF,operating_cash_flow,NetCashProvidedByUsedInOperatingActivities
CHD,operating_cash_flow,NetCashProvidedByUsedInOperatingActivities
CHRW,operating_cash_flow,NetCashProvidedByUsedInOperatingActivities
CHTR,operating_cash_flow,NetCashProvidedByUsedInOperatingActivities
CHWY,operating_cash_flow,NetCashProvidedByUsedInOperatingActivities
CIEN,operating_cash_flow,NetCashProvidedByUsedInOperatingActivities
CL,operating_cash_flow,NetCashProvidedByUsedInOperatingActivities
CLH,operating_cash_flow,NetCashProvidedByUsedInOperatingActivities
CLX,operating_cash_flow,NetCashProvidedByUsedInOperatingActivities
CMCSA,operating_cash_flow,NetCashProvidedByUsedInOperatingActivities
CMG,operating_cash_flow,NetCashProvidedByUsedInOperatingActivities
CMI,operating_cash_flow,NetCashProvidedByUsedInOperatingActivities
CMS,operating_cash_flow,NetCashProvidedByUsedInOperatingActivities
CNM,operating_cash_flow,NetCashProvidedByUsedInOperatingActivities
CNP,operating_cash_flow,NetCashProvidedByUsedInOperatingActivities
COHR,operating_cash_flow,NetCashProvidedByUsedInOperatingActivities
COKE,operating_cash_flow,NetCashProvidedByUsedInOperatingActivities
COO,operating_cash_flow,NetCashProvidedByUsedInOperatingActivities
COP,operating_cash_flow,NetCashProvidedByUsedInOperatingActivities
COR,operating_cash_flow,NetCashProvidedByUsedInOperatingActivities
COST,operating_cash_flow,NetCashProvidedByUsedInOperatingActivities
CPAY,operating_cash_flow,NetCashProvidedByUsedInOperatingActivities
CPNG,operating_cash_flow,NetCashProvidedByUsedInOperatingActivities
CPRT,operating_cash_flow,NetCashProvidedByUsedInOperatingActivities
CQP,operating_cash_flow,NetCashProvidedByUsedInOperatingActivities
CRM,operating_cash_flow,NetCashProvidedByUsedInOperatingActivities
CRS,operating_cash_flow,NetCashProvidedByUsedInOperatingActivities
CRWD,operating_cash_flow,NetCashProvidedByUsedInOperatingActivities
CSCO,operating_cash_flow,NetCashProvidedByUsedInOperatingActivities
CSGP,operating_cash_flow,NetCashProvidedByUsedInOperatingActivities
CSL,operating_cash_flow,NetCashProvidedByUsedInOperatingActivities
CSX,operating_cash_flow,NetCashProvidedByUsedInOperatingActivities
CTAS,operating_cash_flow,NetCashProvidedByUsedInOperatingActivities
CTRA,operating_cash_flow,NetCashProvidedByUsedInOperatingActivities
CTSH,operating_cash_flow,NetCashProvidedByUsedInOperatingActivities
CTVA,operating_cash_flow,NetCashProvidedByUsedInOperatingActivities
CVNA,operating_cash_flow,NetCashProvidedByUsedInOperatingActivities
CVS,operating_cash_flow,NetCashProvidedByUsedInOperatingActivities
CVX,operating_cash_flow,NetCashProvidedByUsedInOperatingActivities
CW,operating_cash_flow,NetCashProvidedByUsedInOperatingActivities
D,operating_cash_flow,NetCashProvidedByUsedInOperatingActivities
DAL,operating_cash_flow,NetCashProvidedByUsedInOperatingActivities
DAR,operating_cash_flow,NetCashProvidedByUsedInOperatingActivities
DASH,operating_cash_flow,NetCashProvidedByUsedInOperatingActivities
DCI,operating_cash_flow,NetCashProvidedByUsedInOperatingActivities
DD,operating_cash_flow,NetCashProvidedByUsedInOperatingActivities
DDOG,operating_cash_flow,NetCashProvidedByUsedInOperatingActivities
DE,operating_cash_flow,NetCashProvidedByUsedInOperatingActivities
DECK,operating_cash_flow,NetCashProvidedByUsedInOperatingActivities
DELL,operating_cash_flow,NetCashProvidedByUsedInOperatingActivities
DG,operating_cash_flow,NetCashProvidedByUsedInOperatingActivities
DGX,operating_cash_flow,NetCashProvidedByUsedInOperatingActivities
DHI,operating_cash_flow,NetCashProvidedByUsedInOperatingActivities
DHR,operating_cash_flow,NetCashProvidedByUsedInOperatingActivities
DIS,operating_cash_flow,NetCashProvidedByUsedInOperatingActivitiesContinuingOperations
DKS,operating_cash_flow,NetCashProvidedByUsedInOperatingActivities
DLTR,operating_cash_flow,NetCashProvidedByUsedInOperatingActivities
DOCU,operating_cash_flow,NetCashProvidedByUsedInOperatingActivities
DOV,operating_cash_flow,NetCashProvidedByUsedInOperatingActivitiesContinuingOperations
DOW,operating_cash_flow,NetCashProvidedByUsedInOperatingActivities
DPZ,operating_cash_flow,NetCashProvidedByUsedInOperatingActivities
DRI,operating_cash_flow,NetCashProvidedByUsedInOperatingActivitiesContinuingOperations
DRS,operating_cash_flow,NetCashProvidedByUsedInOperatingActivities
DT,operating_cash_flow,NetCashProvidedByUsedInOperatingActivities
DTE,operating_cash_flow,NetCashProvidedByUsedInOperatingActivities
DTM,operating_cash_flow,NetCashProvidedByUsedInOperatingActivities
DUK,operating_cash_flow,NetCashProvidedByUsedInOperatingActivities
DVA,operating_cash_flow,NetCashProvidedByUsedInOperatingActivities
DVN,operating_cash_flow,NetCashProvidedByUsedInOperatingActivities
DXCM,operating_cash_flow,NetCashProvidedByUsedInOperatingActivities
DY,operating_cash_flow,NetCashProvidedByUsedInOperatingActivities
EA,operating_cash_flow,NetCashProvidedByUsedInOperatingActivitiesContinuingOperations
EBAY,operating_cash_flow,NetCashProvidedByUsedInOperatingActivities
ECL,operating_cash_flow,NetCashProvidedByUsedInOperatingActivities
ED,operating_cash_flow,NetCashProvidedByUsedInOperatingActivities
EFX,operating_cash_flow,NetCashProvidedByUsedInOperatingActivities
EHC,operating_cash_flow,NetCashProvidedByUsedInOperatingActivities
EIX,operating_cash_flow,NetCashProvidedByUsedInOperatingActivities
EL,operating_cash_flow,NetCashProvidedByUsedInOperatingActivities
ELAN,operating_cash_flow,NetCashProvidedByUsedInOperatingActivities
EME,operating_cash_flow,NetCashProvidedByUsedInOperatingActivities
EMR,operating_cash_flow,NetCashProvidedByUsedInOperatingActivities
ENSG,operating_cash_flow,NetCashProvidedByUsedInOperatingActivities
ENTG,operating_cash_flow,NetCashProvidedByUsedInOperatingActivities
EOG,operating_cash_flow,NetCashProvidedByUsedInOperatingActivities
EPD,operating_cash_flow,NetCashProvidedByUsedInOperatingActivities
EQT,operating_cash_flow,NetCashProvidedByUsedInOperatingActivities
ES,operating_cash_flow,NetCashProvidedByUsedInOperatingActivities
ET,operating_cash_flow,NetCashProvidedByUsedInOperatingActivities
ETN,operating_cash_flow,NetCashProvidedByUsedInOperatingActivities
ETR,operating_cash_flow,NetCashProvidedByUsedInOperatingActivities
EVRG,operating_cash_flow,NetCashProvidedByUsedInOperatingActivities
EW,operating_cash_flow,NetCashProvidedByUsedInOperatingActivities
EXC,operating_cash_flow,NetCashProvidedByUsedInOperatingActivities
EXE,operating_cash_flow,NetCashProvidedByUsedInOperatingActivities
EXEL,operating_cash_flow,NetCashProvidedByUsedInOperatingActivities
EXPD,operating_cash_flow,NetCashProvidedByUsedInOperatingActivities
EXPE,operating_cash_flow,NetCashProvidedByUsedInOperatingActivities
F,operating_cash_flow,NetCashProvidedByUsedInOperatingActivitiesContinuingOperations
FANG,operating_cash_flow,NetCashProvidedByUsedInOperatingActivities
FAST,operating_cash_flow,NetCashProvidedByUsedInOperatingActivities
FCX,operating_cash_flow,NetCashProvidedByUsedInOperatingActivities
FDX,operating_cash_flow,NetCashProvidedByUsedInOperatingActivities
FE,operating_cash_flow,NetCashProvidedByUsedInOperatingActivities
FFIV,operating_cash_flow,NetCashProvidedByUsedInOperatingActivities
FICO,operating_cash_flow,NetCashProvidedByUsedInOperatingActivities
FIS,operating_cash_flow,NetCashProvidedByUsedInOperatingActivities
FISV,operating_cash_flow,NetCashProvidedByUsedInOperatingActivitiesContinuingOperations
FIVE,operating_cash_flow,NetCashProvidedByUsedInOperatingActivities
FIX,operating_cash_flow,NetCashProvidedByUsedInOperatingActivities
FLEX,operating_cash_flow,NetCashProvidedByUsedInOperatingActivities
FLS,operating_cash_flow,NetCashProvidedByUsedInOperatingActivities
FN,operating_cash_flow,NetCashProvidedByUsedInOperatingActivities
FOXA,operating_cash_flow,NetCashProvidedByUsedInOperatingActivities
FSLR,operating_cash_flow,NetCashProvidedByUsedInOperatingActivities
FTAI,operating_cash_flow,NetCashProvidedByUsedInOperatingActivities
FTI,operating_cash_flow,NetCashProvidedByUsedInOperatingActivities
FTNT,operating_cash_flow,NetCashProvidedByUsedInOperatingActivities
FTV,operating_cash_flow,NetCashProvidedByUsedInOperatingActivities
FWONA,operating_cash_flow,NetCashProvidedByUsedInOperatingActivities
GAP,operating_cash_flow,NetCashProvidedByUsedInOperatingActivities
GD,operating_cash_flow,NetCashProvidedByUsedInOperatingActivities
GDDY,operating_cash_flow,NetCashProvidedByUsedInOperatingActivities
GE,operating_cash_flow,NetCashProvidedByUsedInOperatingActivities
GEN,operating_cash_flow,NetCashProvidedByUsedInOperatingActivities
GGG,operating_cash_flow,NetCashProvidedByUsedInOperatingActivities
GH,operating_cash_flow,NetCashProvidedByUsedInOperatingActivities
GILD,operating_cash_flow,NetCashProvidedByUsedInOperatingActivities
GIS,operating_cash_flow,NetCashProvidedByUsedInOperatingActivities
GLW,operating_cash_flow,NetCashProvidedByUsedInOperatingActivities
GM,operating_cash_flow,NetCashProvidedByUsedInOperatingActivities
GME,operating_cash_flow,NetCashProvidedByUsedInOperatingActivities
GMED,operating_cash_flow,NetCashProvidedByUsedInOperatingActivities
GNRC,operating_cash_flow,NetCashProvidedByUsedInOperatingActivities
GOOGL,operating_cash_flow,NetCashProvidedByUsedInOperatingActivities
GPC,operating_cash_flow,NetCashProvidedByUsedInOperatingActivities
GPN,operating_cash_flow,NetCashProvidedByUsedInOperatingActivities
GRMN,operating_cash_flow,NetCashProvidedByUsedInOperatingActivities
GTLS,operating_cash_flow,NetCashProvidedByUsedInOperatingActivities
GWRE,operating_cash_flow,NetCashProvidedByUsedInOperatingActivities
GWW,operating_cash_flow,NetCashProvidedByUsedInOperatingActivities
H,operating_cash_flow,NetCashProvidedByUsedInOperatingActivities
HAL,operating_cash_flow,NetCashProvidedByUsedInOperatingActivities
HAS,operating_cash_flow,NetCashProvidedByUsedInOperatingActivities
HCA,operating_cash_flow,NetCashProvidedByUsedInOperatingActivities
HD,operating_cash_flow,NetCashProvidedByUsedInOperatingActivities
HEI,operating_cash_flow,NetCashProvidedByUsedInOperatingActivities
HII,operating_cash_flow,NetCashProvidedByUsedInOperatingActivities
HL,operating_cash_flow,NetCashProvidedByUsedInOperatingActivities
HLT,operating_cash_flow,NetCashProvidedByUsedInOperatingActivities
HOLX,operating_cash_flow,NetCashProvidedByUsedInOperatingActivities
HON,operating_cash_flow,NetCashProvidedByUsedInOperatingActivities
HPE,operating_cash_flow,NetCashProvidedByUsedInOperatingActivities
HPQ,operating_cash_flow,NetCashProvidedByUsedInOperatingActivities
HRL,operating_cash_flow,NetCashProvidedByUsedInOperatingActivities
HSY,operating_cash_flow,NetCashProvidedByUsedInOperatingActivities
HUBB,operating_cash_flow,NetCashProvidedByUsedInOperatingActivities
HUBS,operating_cash_flow,NetCashProvidedByUsedInOperatingActivities
HWM,operating_cash_flow,NetCashProvidedByUsedInOperatingActivities
IBM,operating_cash_flow,NetCashProvidedByUsedInOperatingActivities
IDXX,operating_cash_flow,NetCashProvidedByUsedInOperatingActivities
IESC,operating_cash_flow,NetCashProvidedByUsedInOperatingActivities
IEX,operating_cash_flow,NetCashProvidedByUsedInOperatingActivities
IFF,operating_cash_flow,NetCashProvidedByUsedInOperatingActivities
ILMN,operating_cash_flow,NetCashProvidedByUsedInOperatingActivities
INCY,operating_cash_flow,NetCashProvidedByUsedInOperatingActivities
INSM,operating_cash_flow,NetCashProvidedByUsedInOperatingActivities
INTC,operating_cash_flow,NetCashProvidedByUsedInOperatingActivities
INTU,operating_cash_flow,NetCashProvidedByUsedInOperatingActivities
IONQ,operating_cash_flow,NetCashProvidedByUsedInOperatingActivities
IONS,operating_cash_flow,NetCashProvidedByUsedInOperatingActivities
IP,operating_cash_flow,NetCashProvidedByUsedInOperatingActivities
IQV,operating_cash_flow,NetCashProvidedByUsedInOperatingActivities
IR,operating_cash_flow,NetCashProvidedByUsedInOperatingActivities
ISRG,operating_cash_flow,NetCashProvidedByUsedInOperatingActivities
IT,operating_cash_flow,NetCashProvidedByUsedInOperatingActivities
ITT,operating_cash_flow,NetCashProvidedByUsedInOperatingActivitiesContinuingOperations
ITW,operating_cash_flow,NetCashProvidedByUsedInOperatingActivities
J,operating_cash_flow,NetCashProvidedByUsedInOperatingActivities
JAZZ,operating_cash_flow,NetCashProvidedByUsedInOperatingActivities
JBHT,operating_cash_flow,NetCashProvidedByUsedInOperatingActivities
JBL,operating_cash_flow,NetCashProvidedByUsedInOperatingActivities
JCI,operating_cash_flow,NetCashProvidedByUsedInOperatingActivitiesContinuingOperations
JKHY,operating_cash_flow,NetCashProvidedByUsedInOperatingActivities
JNJ,operating_cash_flow,NetCashProvidedByUsedInOperatingActivities
KDP,operating_cash_flow,NetCashProvidedByUsedInOperatingActivities
KEYS,operating_cash_flow,NetCashProvidedByUsedInOperatingActivities
KHC,operating_cash_flow,NetCashProvidedByUsedInOperatingActivities
KLAC,operating_cash_flow,NetCashProvidedByUsedInOperatingActivities
KMB,operating_cash_flow,NetCashProvidedByUsedInOperatingActivities
KMI,operating_cash_flow,NetCashProvidedByUsedInOperatingActivities
KNX,operating_cash_flow,NetCashProvidedByUsedInOperatingActivities
KO,operating_cash_flow,NetCashProvidedByUsedInOperatingActivities
KR,operating_cash_flow,NetCashProvidedByUsedInOperatingActivities
KTOS,operating_cash_flow,NetCashProvidedByUsedInOperatingActivitiesContinuingOperations
LDOS,operating_cash_flow,NetCashProvidedByUsedInOperatingActivities
LECO,operating_cash_flow,NetCashProvidedByUsedInOperatingActivities
LEN,operating_cash_flow,NetCashProvidedByUsedInOperatingActivities
LH,operating_cash_flow,NetCashProvidedByUsedInOperatingActivities
LHX,operating_cash_flow,NetCashProvidedByUsedInOperatingActivities
LII,operating_cash_flow,NetCashProvidedByUsedInOperatingActivities
LIN,operating_cash_flow,NetCashProvidedByUsedInOperatingActivities
LITE,operating_cash_flow,NetCashProvidedByUsedInOperatingActivities
LLY,operating_cash_flow,NetCashProvidedByUsedInOperatingActivities
LMT,operating_cash_flow,NetCashProvidedByUsedInOperatingActivities
LNG,operating_cash_flow,NetCashProvidedByUsedInOperatingActivities
LNT,operating_cash_flow,NetCashProvidedByUsedInOperatingActivities
LOGI,operating_cash_flow,NetCashProvidedByUsedInOperatingActivities
LOW,operating_cash_flow,NetCashProvidedByUsedInOperatingActivities
LRCX,operating_cash_flow,NetCashProvidedByUsedInOperatingActivities
LSCC,operating_cash_flow,NetCashProvidedByUsedInOperatingActivities
LULU,operating_cash_flow,NetCashProvidedByUsedInOperatingActivities
LUV,operating_cash_flow,NetCashProvidedByUsedInOperatingActivities
LVS,operating_cash_flow,NetCashProvidedByUsedInOperatingActivities
LYB,operating_cash_flow,NetCashProvidedByUsedInOperatingActivities
LYV,operating_cash_flow,NetCashProvidedByUsedInOperatingActivities
MA,operating_cash_flow,NetCashProvidedByUsedInOperatingActivities
MAR,operating_cash_flow,NetCashProvidedByUsedInOperatingActivities
MAS,operating_cash_flow,NetCashProvidedByUsedInOperatingActivities
MASI,operating_cash_flow,NetCashProvidedByUsedInOperatingActivities
MCD,operating_cash_flow,NetCashProvidedByUsedInOperatingActivities
MCHP,operating_cash_flow,NetCashProvidedByUsedInOperatingActivitiesContinuingOperations
MCK,operating_cash_flow,NetCashProvidedByUsedInOperatingActivities
MCO,operating_cash_flow,NetCashProvidedByUsedInOperatingActivities
MDB,operating_cash_flow,NetCashProvidedByUsedInOperatingActivities
MDGL,operating_cash_flow,NetCashProvidedByUsedInOperatingActivities
MDLZ,operating_cash_flow,NetCashProvidedByUsedInOperatingActivities
MDT,operating_cash_flow,NetCashProvidedByUsedInOperatingActivities
MEDP,operating_cash_flow,NetCashProvidedByUsedInOperatingActivities
MELI,operating_cash_flow,NetCashProvidedByUsedInOperatingActivities
META,operating_cash_flow,NetCashProvidedByUsedInOperatingActivities
MGM,operating_cash_flow,NetCashProvidedByUsedInOperatingActivities
MKC,operating_cash_flow,NetCashProvidedByUsedInOperatingActivities
MKSI,operating_cash_flow,NetCashProvidedByUsedInOperatingActivities
MLI,operating_cash_flow,NetCashProvidedByUsedInOperatingActivities
MLM,operating_cash_flow,NetCashProvidedByUsedInOperatingActivities
MMM,operating_cash_flow,NetCashProvidedByUsedInOperatingActivities
MNST,operating_cash_flow,NetCashProvidedByUsedInOperatingActivities
MO,operating_cash_flow,NetCashProvidedByUsedInOperatingActivities
MOD,operating_cash_flow,NetCashProvidedByUsedInOperatingActivities
MOG-A,operating_cash_flow,NetCashProvidedByUsedInOperatingActivities
MP,operating_cash_flow,NetCashProvidedByUsedInOperatingActivities
MPC,operating_cash_flow,NetCashProvidedByUsedInOperatingActivities
MPLX,operating_cash_flow,NetCashProvidedByUsedInOperatingActivities
MPWR,operating_cash_flow,NetCashProvidedByUsedInOperatingActivities
MRK,operating_cash_flow,NetCashProvidedByUsedInOperatingActivities
MRNA,operating_cash_flow,NetCashProvidedByUsedInOperatingActivities
MRVL,operating_cash_flow,NetCashProvidedByUsedInOperatingActivities
MSCI,operating_cash_flow,NetCashProvidedByUsedInOperatingActivities
MSFT,operating_cash_flow,NetCashProvidedByUsedInOperatingActivities
MSI,operating_cash_flow,NetCashProvidedByUsedInOperatingActivities
MTD,operating_cash_flow,NetCashProvidedByUsedInOperatingActivities
MTSI,operating_cash_flow,NetCashProvidedByUsedInOperatingActivities
MTZ,operating_cash_flow,NetCashProvidedByUsedInOperatingActivities
MU,operating_cash_flow,NetCashProvidedByUsedInOperatingActivities
MUSA,operating_cash_flow,NetCashProvidedByUsedInOperatingActivities
NBIX,operating_cash_flow,NetCashProvidedByUsedInOperatingActivities
NDSN,operating_cash_flow,NetCashProvidedByUsedInOperatingActivities
NEE,operating_cash_flow,NetCashProvidedByUsedInOperatingActivities
NEM,operating_cash_flow,NetCashProvidedByUsedInOperatingActivities
NET,operating_cash_flow,NetCashProvidedByUsedInOperatingActivities
NFG,operating_cash_flow,NetCashProvidedByUsedInOperatingActivities
NFLX,operating_cash_flow,NetCashProvidedByUsedInOperatingActivities
NI,operating_cash_flow,NetCashProvidedByUsedInOperatingActivities
NKE,operating_cash_flow,NetCashProvidedByUsedInOperatingActivities
NOC,operating_cash_flow,NetCashProvidedByUsedInOperatingActivities
NOW,operating_cash_flow,NetCashProvidedByUsedInOperatingActivities
NRG,operating_cash_flow,NetCashProvidedByUsedInOperatingActivities
NSC,operating_cash_flow,NetCashProvidedByUsedInOperatingActivities
NTAP,operating_cash_flow,NetCashProvidedByUsedInOperatingActivities
NTNX,operating_cash_flow,NetCashProvidedByUsedInOperatingActivities
NTRA,operating_cash_flow,NetCashProvidedByUsedInOperatingActivities
NUE,operating_cash_flow,NetCashProvidedByUsedInOperatingActivities
NVDA,operating_cash_flow,NetCashProvidedByUsedInOperatingActivities
NVR,operating_cash_flow,NetCashProvidedByUsedInOperatingActivities
NVT,operating_cash_flow,NetCashProvidedByUsedInOperatingActivities
NWSA,operating_cash_flow,NetCashProvidedByUsedInOperatingActivities
NXPI,operating_cash_flow,NetCashProvidedByUsedInOperatingActivities
NYT,operating_cash_flow,NetCashProvidedByUsedInOperatingActivities
ODFL,operating_cash_flow,NetCashProvidedByUsedInOperatingActivities
OGE,operating_cash_flow,NetCashProvidedByUsedInOperatingActivities
OKE,operating_cash_flow,NetCashProvidedByUsedInOperatingActivities
OKTA,operating_cash_flow,NetCashProvidedByUsedInOperatingActivities
OMC,operating_cash_flow,NetCashProvidedByUsedInOperatingActivities
ON,operating_cash_flow,NetCashProvidedByUsedInOperatingActivities
ONC,operating_cash_flow,NetCashProvidedByUsedInOperatingActivities
ONTO,operating_cash_flow,NetCashProvidedByUsedInOperatingActivities
ORCL,operating_cash_flow,NetCashProvidedByUsedInOperatingActivities
ORLY,operating_cash_flow,NetCashProvidedByUsedInOperatingActivities
OTIS,operating_cash_flow,NetCashProvidedByUsedInOperatingActivities
OVV,operating_cash_flow,NetCashProvidedByUsedInOperatingActivities
PAA,operating_cash_flow,NetCashProvidedByUsedInOperatingActivities
PAG,operating_cash_flow,NetCashProvidedByUsedInOperatingActivitiesContinuingOperations
PANW,operating_cash_flow,NetCashProvidedByUsedInOperatingActivities
PAYX,operating_cash_flow,NetCashProvidedByUsedInOperatingActivities
PCAR,operating_cash_flow,NetCashProvidedByUsedInOperatingActivities
PCG,operating_cash_flow,NetCashProvidedByUsedInOperatingActivities
PEG,operating_cash_flow,NetCashProvidedByUsedInOperatingActivities
PEN,operating_cash_flow,NetCashProvidedByUsedInOperatingActivities
PEP,operating_cash_flow,NetCashProvidedByUsedInOperatingActivities
PFE,operating_cash_flow,NetCashProvidedByUsedInOperatingActivities
PFGC,operating_cash_flow,NetCashProvidedByUsedInOperatingActivities
PG,operating_cash_flow,NetCashProvidedByUsedInOperatingActivities
PH,operating_cash_flow,NetCashProvidedByUsedInOperatingActivities
PHM,operating_cash_flow,NetCashProvidedByUsedInOperatingActivities
PINS,operating_cash_flow,NetCashProvidedByUsedInOperatingActivities
PKG,operating_cash_flow,NetCashProvidedByUsedInOperatingActivities
PL,operating_cash_flow,NetCashProvidedByUsedInOperatingActivities
PLTR,operating_cash_flow,NetCashProvidedByUsedInOperatingActivities
PM,operating_cash_flow,NetCashProvidedByUsedInOperatingActivities
PNR,operating_cash_flow,NetCashProvidedByUsedInOperatingActivities
PNW,operating_cash_flow,NetCashProvidedByUsedInOperatingActivities
PODD,operating_cash_flow,NetCashProvidedByUsedInOperatingActivities
PPG,operating_cash_flow,NetCashProvidedByUsedInOperatingActivities
PPL,operating_cash_flow,NetCashProvidedByUsedInOperatingActivities
PR,operating_cash_flow,NetCashProvidedByUsedInOperatingActivities
PSTG,operating_cash_flow,NetCashProvidedByUsedInOperatingActivities
PSX,operating_cash_flow,NetCashProvidedByUsedInOperatingActivities
PTC,operating_cash_flow,NetCashProvidedByUsedInOperatingActivities
PWR,operating_cash_flow,NetCashProvidedByUsedInOperatingActivities
PYPL,operating_cash_flow,NetCashProvidedByUsedInOperatingActivities
QCOM,operating_cash_flow,NetCashProvidedByUsedInOperatingActivities
QSR,operating_cash_flow,NetCashProvidedByUsedInOperatingActivities
QXO,operating_cash_flow,NetCashProvidedByUsedInOperatingActivities
RBA,operating_cash_flow,NetCashProvidedByUsedInOperatingActivities
RBC,operating_cash_flow,NetCashProvidedByUsedInOperatingActivities
RBLX,operating_cash_flow,NetCashProvidedByUsedInOperatingActivities
RCL,operating_cash_flow,NetCashProvidedByUsedInOperatingActivities
REGN,operating_cash_flow,NetCashProvidedByUsedInOperatingActivities
RIVN,operating_cash_flow,NetCashProvidedByUsedInOperatingActivities
RKLB,operating_cash_flow,NetCashProvidedByUsedInOperatingActivities
RL,operating_cash_flow,NetCashProvidedByUsedInOperatingActivities
RMBS,operating_cash_flow,NetCashProvidedByUsedInOperatingActivities
RMD,operating_cash_flow,NetCashProvidedByUsedInOperatingActivities
ROK,operating_cash_flow,NetCashProvidedByUsedInOperatingActivitiesContinuingOperations
ROKU,operating_cash_flow,NetCashProvidedByUsedInOperatingActivities
ROL,operating_cash_flow,NetCashProvidedByUsedInOperatingActivities
ROP,operating_cash_flow,NetCashProvidedByUsedInOperatingActivities
ROST,operating_cash_flow,NetCashProvidedByUsedInOperatingActivities
RPM,operating_cash_flow,NetCashProvidedByUsedInOperatingActivities
RPRX,operating_cash_flow,NetCashProvidedByUsedInOperatingActivities
RRC,operating_cash_flow,NetCashProvidedByUsedInOperatingActivities
RRX,operating_cash_flow,NetCashProvidedByUsedInOperatingActivities
RS,operating_cash_flow,NetCashProvidedByUsedInOperatingActivities
RSG,operating_cash_flow,NetCashProvidedByUsedInOperatingActivities
RTX,operating_cash_flow,NetCashProvidedByUsedInOperatingActivitiesContinuingOperations
RVMD,operating_cash_flow,NetCashProvidedByUsedInOperatingActivities
RVTY,operating_cash_flow,NetCashProvidedByUsedInOperatingActivities
SAIA,operating_cash_flow,NetCashProvidedByUsedInOperatingActivities
SATS,operating_cash_flow,NetCashProvidedByUsedInOperatingActivities
SBUX,operating_cash_flow,NetCashProvidedByUsedInOperatingActivities
SCCO,operating_cash_flow,NetCashProvidedByUsedInOperatingActivities
SCI,operating_cash_flow,NetCashProvidedByUsedInOperatingActivities
SFD,operating_cash_flow,NetCashProvidedByUsedInOperatingActivitiesContinuingOperations
SGI,operating_cash_flow,NetCashProvidedByUsedInOperatingActivities
SHW,operating_cash_flow,NetCashProvidedByUsedInOperatingActivities
SJM,operating_cash_flow,NetCashProvidedByUsedInOperatingActivities
SLB,operating_cash_flow,NetCashProvidedByUsedInOperatingActivities
SMCI,operating_cash_flow,NetCashProvidedByUsedInOperatingActivities
SMMT,operating_cash_flow,NetCashProvidedByUsedInOperatingActivities
SNA,operating_cash_flow,NetCashProvidedByUsedInOperatingActivities
SNOW,operating_cash_flow,NetCashProvidedByUsedInOperatingActivities
SNPS,operating_cash_flow,NetCashProvidedByUsedInOperatingActivities
SNX,operating_cash_flow,NetCashProvidedByUsedInOperatingActivities
SO,operating_cash_flow,NetCashProvidedByUsedInOperatingActivities
SPGI,operating_cash_flow,NetCashProvidedByUsedInOperatingActivities
SPXC,operating_cash_flow,NetCashProvidedByUsedInOperatingActivities
SRE,operating_cash_flow,NetCashProvidedByUsedInOperatingActivities
SSNC,operating_cash_flow,NetCashProvidedByUsedInOperatingActivities
STE,operating_cash_flow,NetCashProvidedByUsedInOperatingActivities
STLD,operating_cash_flow,NetCashProvidedByUsedInOperatingActivities
STRL,operating_cash_flow,NetCashProvidedByUsedInOperatingActivities
STX,operating_cash_flow,NetCashProvidedByUsedInOperatingActivities
STZ,operating_cash_flow,NetCashProvidedByUsedInOperatingActivities
SUN,operating_cash_flow,NetCashProvidedByUsedInOperatingActivities
SWK,operating_cash_flow,NetCashProvidedByUsedInOperatingActivities
SYK,operating_cash_flow,NetCashProvidedByUsedInOperatingActivities
SYM,operating_cash_flow,NetCashProvidedByUsedInOperatingActivities
SYY,operating_cash_flow,NetCashProvidedByUsedInOperatingActivities
T,operating_cash_flow,NetCashProvidedByUsedInOperatingActivities
TDG,operating_cash_flow,NetCashProvidedByUsedInOperatingActivities
TDY,operating_cash_flow,NetCashProvidedByUsedInOperatingActivities
TEL,operating_cash_flow,NetCashProvidedByUsedInOperatingActivities
TER,operating_cash_flow,NetCashProvidedByUsedInOperatingActivities
TEVA,operating_cash_flow,NetCashProvidedByUsedInOperatingActivities
TGT,operating_cash_flow,NetCashProvidedByUsedInOperatingActivities
THC,operating_cash_flow,NetCashProvidedByUsedInOperatingActivities
TJX,operating_cash_flow,NetCashProvidedByUsedInOperatingActivities
TMO,operating_cash_flow,NetCashProvidedByUsedInOperatingActivities
TMUS,operating_cash_flow,NetCashProvidedByUsedInOperatingActivities
TOL,operating_cash_flow,NetCashProvidedByUsedInOperatingActivities
TOST,operating_cash_flow,NetCashProvidedByUsedInOperatingActivities
TPR,operating_cash_flow,NetCashProvidedByUsedInOperatingActivities
TRGP,operating_cash_flow,NetCashProvidedByUsedInOperatingActivities
TRMB,operating_cash_flow,NetCashProvidedByUsedInOperatingActivities
TRU,operating_cash_flow,NetCashProvidedByUsedInOperatingActivities
TSCO,operating_cash_flow,NetCashProvidedByUsedInOperatingActivities
TSLA,operating_cash_flow,NetCashProvidedByUsedInOperatingActivities
TSN,operating_cash_flow,NetCashProvidedByUsedInOperatingActivities
TT,operating_cash_flow,NetCashProvidedByUsedInOperatingActivities
TTC,operating_cash_flow,NetCashProvidedByUsedInOperatingActivities
TTD,operating_cash_flow,NetCashProvidedByUsedInOperatingActivities
TTMI,operating_cash_flow,NetCashProvidedByUsedInOperatingActivities
TTWO,operating_cash_flow,NetCashProvidedByUsedInOperatingActivities
TWLO,operating_cash_flow,NetCashProvidedByUsedInOperatingActivities
TXN,operating_cash_flow,NetCashProvidedByUsedInOperatingActivitiesContinuingOperations
TXRH,operating_cash_flow,NetCashProvidedByUsedInOperatingActivities
TXT,operating_cash_flow,NetCashProvidedByUsedInOperatingActivities
TYL,operating_cash_flow,NetCashProvidedByUsedInOperatingActivities
UAL,operating_cash_flow,NetCashProvidedByUsedInOperatingActivities
UBER,operating_cash_flow,NetCashProvidedByUsedInOperatingActivities
UHS,operating_cash_flow,NetCashProvidedByUsedInOperatingActivities
UI,operating_cash_flow,NetCashProvidedByUsedInOperatingActivities
ULTA,operating_cash_flow,NetCashProvidedByUsedInOperatingActivities
UNP,operating_cash_flow,NetCashProvidedByUsedInOperatingActivities
UPS,operating_cash_flow,NetCashProvidedByUsedInOperatingActivities
URI,operating_cash_flow,NetCashProvidedByUsedInOperatingActivities
USFD,operating_cash_flow,NetCashProvidedByUsedInOperatingActivities
UTHR,operating_cash_flow,NetCashProvidedByUsedInOperatingActivities
V,operating_cash_flow,NetCashProvidedByUsedInOperatingActivities
VEEV,operating_cash_flow,NetCashProvidedByUsedInOperatingActivities
VLO,operating_cash_flow,NetCashProvidedByUsedInOperatingActivities
VMC,operating_cash_flow,NetCashProvidedByUsedInOperatingActivities
VRSK,operating_cash_flow,NetCashProvidedByUsedInOperatingActivities
VRSN,operating_cash_flow,NetCashProvidedByUsedInOperatingActivities
VRT,operating_cash_flow,NetCashProvidedByUsedInOperatingActivities
VRTX,operating_cash_flow,NetCashProvidedByUsedInOperatingActivities
VST,operating_cash_flow,NetCashProvidedByUsedInOperatingActivities
VTRS,operating_cash_flow,NetCashProvidedByUsedInOperatingActivities
VZ,operating_cash_flow,NetCashProvidedByUsedInOperatingActivities
W,operating_cash_flow,NetCashProvidedByUsedInOperatingActivities
WAB,operating_cash_flow,NetCashProvidedByUsedInOperatingActivities
WAT,operating_cash_flow,NetCashProvidedByUsedInOperatingActivities
WBD,operating_cash_flow,NetCashProvidedByUsedInOperatingActivities
WCC,operating_cash_flow,NetCashProvidedByUsedInOperatingActivities
WCN,operating_cash_flow,NetCashProvidedByUsedInOperatingActivities
WDAY,operating_cash_flow,NetCashProvidedByUsedInOperatingActivities
WDC,operating_cash_flow,NetCashProvidedByUsedInOperatingActivities
WEC,operating_cash_flow,NetCashProvidedByUsedInOperatingActivities
WES,operating_cash_flow,NetCashProvidedByUsedInOperatingActivities
WLK,operating_cash_flow,NetCashProvidedByUsedInOperatingActivities
WM,operating_cash_flow,NetCashProvidedByUsedInOperatingActivities
WMB,operating_cash_flow,NetCashProvidedByUsedInOperatingActivities
WMG,operating_cash_flow,NetCashProvidedByUsedInOperatingActivities
WMS,operating_cash_flow,NetCashProvidedByUsedInOperatingActivities
WMT,operating_cash_flow,NetCashProvidedByUsedInOperatingActivities
WSM,operating_cash_flow,NetCashProvidedByUsedInOperatingActivities
WSO,operating_cash_flow,NetCashProvidedByUsedInOperatingActivities
WST,operating_cash_flow,NetCashProvidedByUsedInOperatingActivities
WTRG,operating_cash_flow,NetCashProvidedByUsedInOperatingActivities
WTS,operating_cash_flow,NetCashProvidedByUsedInOperatingActivities
WWD,operating_cash_flow,NetCashProvidedByUsedInOperatingActivities
WYNN,operating_cash_flow,NetCashProvidedByUsedInOperatingActivities
XEL,operating_cash_flow,NetCashProvidedByUsedInOperatingActivities
XOM,operating_cash_flow,NetCashProvidedByUsedInOperatingActivities
XPO,operating_cash_flow,NetCashProvidedByUsedInOperatingActivities
XYL,operating_cash_flow,NetCashProvidedByUsedInOperatingActivities
XYZ,operating_cash_flow,NetCashProvidedByUsedInOperatingActivities
YUM,operating_cash_flow,NetCashProvidedByUsedInOperatingActivities
YUMC,operating_cash_flow,NetCashProvidedByUsedInOperatingActivities
ZBH,operating_cash_flow,NetCashProvidedByUsedInOperatingActivities
ZBRA,operating_cash_flow,NetCashProvidedByUsedInOperatingActivities
ZG,operating_cash_flow,NetCashProvidedByUsedInOperatingActivities
ZM,operating_cash_flow,NetCashProvidedByUsedInOperatingActivities
ZS,operating_cash_flow,NetCashProvidedByUsedInOperatingActivities
ZTS,operating_cash_flow,NetCashProvidedByUsedInOperatingActivities
